variable,etiqueta,tipo,n_validos,n_faltantes,pct_faltantes,n_ceros,media,desv_est,minimo,maximo
anno,,long,47812,0,0.0000,0,,,,
codigo_dane_municipio,,str5,47812,0,0.0000,,,,,
index,,long,47812,0,0.0000,1,12325.6738281,7252.24951172,0,37695
log_tituMine_oro_AreaSo_total,,float,36575,11237,23.5025,36301,.106274202466,1.23547756672,0,18.7208862305
mineIleg_carbon_area_SR21_km2,,double,12012,35800,74.8766,7702,.148625567555,1.70933043957,0,76.0734024048
mineIleg_carbon_nwPrp_SR21_pct,,double,12012,35800,74.8766,8679,24.2670497894,40.7920188904,0,100
mineIleg_carbon_prpMun_SR21_pct,,double,12012,35800,74.8766,7677,.0355022102594,.20489820838,0,7.56934595108
mineIleg_cobre_area_SR21_km2,,double,12012,35800,74.8766,7506,.142421022058,2.33121466637,0,111.222900391
mineIleg_cobre_nwPrp_SR21_pct,,double,12012,35800,74.8766,12012,0,0,0,0
mineIleg_cobre_prpMun_SR21_pct,,double,12012,35800,74.8766,7442,.018608989194,.0908437296748,0,1.82505500317
mineIleg_fertlz_area_SR21_km2,,double,12012,35800,74.8766,10031,.0460932329297,.384644299746,0,14.4882001877
mineIleg_fertlz_nwPrp_SR21_pct,,double,12012,35800,74.8766,12012,0,0,0,0
mineIleg_fertlz_prpMun_SR21_pct,,double,12012,35800,74.8766,10001,.0201971754432,.174776569009,0,7.68600749969
mineIleg_mIndus_area_SR21_km2,,double,12012,35800,74.8766,11317,.00578668853268,.114226251841,0,5.83020019531
mineIleg_mIndus_nwPrp_SR21_pct,,double,12012,35800,74.8766,12012,0,0,0,0
mineIleg_mIndus_prpMun_SR21_pct,,double,12012,35800,74.8766,11303,.000674425973557,.00718394620344,0,.301226764917
mineIleg_metBas_area_SR21_km2,,double,12012,35800,74.8766,11207,.0518704801798,1.0370196104,0,48.8852996826
mineIleg_metBas_nwPrp_SR21_pct,,double,12012,35800,74.8766,12012,0,0,0,0
mineIleg_metBas_prpMun_SR21_pct,,double,12012,35800,74.8766,11199,.000953786133323,.00988092739135,0,.290278434753
mineIleg_niquel_area_SR21_km2,,double,12012,35800,74.8766,11345,.00624140864238,.147178918123,0,9.03960037231
mineIleg_niquel_nwPrp_SR21_pct,,double,12012,35800,74.8766,12012,0,0,0,0
mineIleg_niquel_prpMun_SR21_pct,,double,12012,35800,74.8766,11345,.000631457951386,.00777448760346,0,.423406124115
mineIleg_oPreci_area_SR21_km2,,double,12012,35800,74.8766,8234,.11750664562,1.65638923645,0,76.4802017212
mineIleg_oPreci_nwPrp_SR21_pct,,double,12012,35800,74.8766,9173,21.4871826172,39.7054367065,0,100
mineIleg_oPreci_prpMun_SR21_pct,,double,12012,35800,74.8766,8172,.0173197966069,.0904634147882,0,1.85707354546
mineIleg_oro_area_SR21_km2,,double,12012,35800,74.8766,5774,.222256392241,1.34229362011,0,50.8230018616
mineIleg_oro_nwPrp_SR21_pct,,double,12012,35800,74.8766,7167,36.826385498,46.2499160767,0,100
mineIleg_oro_prpMun_SR21_pct,,double,12012,35800,74.8766,5697,.0606032274663,.395873934031,0,15.4566173553
mineIleg_otros_area_SR21_km2,,double,12012,35800,74.8766,11280,.00860566925257,.12725199759,0,6.47279977798
mineIleg_otros_nwPrp_SR21_pct,,double,12012,35800,74.8766,12012,0,0,0,0
mineIleg_otros_prpMun_SR21_pct,,double,12012,35800,74.8766,11255,.001278326381,.0136014157906,0,.683497488499
mineLegl_carbon_pRegls_prod_ton,,double,1397,46415,97.0781,29,776561.6875,3042720.5,0,25093444
mineLegl_carbon_pRegls_valr_COP,,double,1397,46415,97.0781,0,17268357120,94432845824,877.469970703,1914090029056
mineLegl_cobre_pRegls_prod_kg,,double,58,47754,99.8787,1,1571185.25,3671455.75,0,17086112
mineLegl_cobre_pRegls_valr_COP,,double,58,47754,99.8787,0,1294760064,2788702976,15,11373114368
mineLegl_fertlz_pRegls_prod_ton,,double,119,47693,99.7511,3,18436.2734375,65330.6835938,0,599340.8125
mineLegl_fertlz_pRegls_valr_COP,,double,119,47693,99.7511,0,26305920,33305428,28780,121410088
mineLegl_gemas_pRegls_prod_qlt,,double,109,47703,99.7720,6,854650.5,3029482.25,0,22895122
mineLegl_gemas_pRegls_valr_COP,,double,109,47703,99.7720,2,797613888,1532588800,0,7791403008
mineLegl_mConst_pRegls_prod_m3,,double,5473,42339,88.5531,201,79609.6953125,193191.5,0,3139275
mineLegl_mConst_pRegls_valr_COP,,double,5850,41962,87.7646,5,19246984,54975884,0,1782601984
mineLegl_mIndus_pRegls_prod_ton,,double,1900,45912,96.0261,42,52110.6210938,150219.046875,0,3939091.75
mineLegl_mIndus_pRegls_valr_COP,,double,1963,45849,95.8943,2,29978116,190569216,0,3587158784
mineLegl_metBas_pRegls_prod_ton,,double,117,47695,99.7553,3,85605.5625,147043.734375,0,569821
mineLegl_metBas_pRegls_valr_COP,,double,164,47648,99.6570,0,136789104,266708352,9,1122128000
mineLegl_niquel_pRegls_prod_lb,,double,42,47770,99.9122,0,30047484,29066238,48789,97784096
mineLegl_niquel_pRegls_valr_COP,,double,42,47770,99.9122,0,34510725120,42237513728,107710616,208417161216
mineLegl_oPreci_pRegls_prod_gr,,double,1745,46067,96.3503,25,220925.03125,1217663.5,0,24452018
mineLegl_oPreci_pRegls_valr_COP,,double,1745,46067,96.3503,0,45830204,199485216,4.02610015869,3690704128
mineLegl_oro_pRegls_prod_gr,,double,2066,45746,95.6789,0,366623.96875,1053272,4,15381920
mineLegl_oro_pRegls_valr_COP,,double,2092,45720,95.6245,0,1872158976,7259204608,161.800003052,144164519936
mineLegl_otros_pRegls_prod_m3,,double,34,47778,99.9289,1,435.202056885,421.764892578,0,1602.07995605
mineLegl_otros_pRegls_valr_COP,,double,35,47777,99.9268,0,3771110.25,3250843.25,82905,11075342
poteMine_cobre_area_roca_m2,,double,0,47812,100.0000,0,,,,
poteMine_cobre_distnc_roca_m,,double,0,47812,100.0000,0,,,,
poteMine_cobre_pctMun_roca_pct,,double,0,47812,100.0000,0,,,,
poteMine_fertlz_area_roca_m2,,double,0,47812,100.0000,0,,,,
poteMine_fertlz_distnc_roca_m,,double,0,47812,100.0000,0,,,,
poteMine_fertlz_pctMun_roca_pct,,double,0,47812,100.0000,0,,,,
poteMine_gemas_area_roca_m2,,double,0,47812,100.0000,0,,,,
poteMine_gemas_distnc_roca_m,,double,0,47812,100.0000,0,,,,
poteMine_gemas_pctMun_roca_pct,,double,0,47812,100.0000,0,,,,
poteMine_mConst_area_roca_m2,,double,0,47812,100.0000,0,,,,
poteMine_mConst_distnc_roca_m,,double,0,47812,100.0000,0,,,,
poteMine_mConst_pctMun_roca_pct,,double,0,47812,100.0000,0,,,,
poteMine_mIndus_area_roca_m2,,double,0,47812,100.0000,0,,,,
poteMine_mIndus_distnc_roca_m,,double,0,47812,100.0000,0,,,,
poteMine_mIndus_pctMun_roca_pct,,double,0,47812,100.0000,0,,,,
poteMine_metBas_area_roca_m2,,double,0,47812,100.0000,0,,,,
poteMine_metBas_distnc_aluv_m,,double,0,47812,100.0000,0,,,,
poteMine_metBas_distnc_roca_m,,double,0,47812,100.0000,0,,,,
poteMine_metBas_pctMun_roca_pct,,double,0,47812,100.0000,0,,,,
poteMine_niquel_area_roca_m2,,double,0,47812,100.0000,0,,,,
poteMine_niquel_distnc_roca_m,,double,0,47812,100.0000,0,,,,
poteMine_niquel_pctMun_roca_pct,,double,0,47812,100.0000,0,,,,
poteMine_oPreci_area_roca_m2,,double,0,47812,100.0000,0,,,,
poteMine_oPreci_distnc_roca_m,,double,0,47812,100.0000,0,,,,
poteMine_oPreci_pctMun_roca_pct,,double,0,47812,100.0000,0,,,,
poteMine_oro_area_roca_m2,,double,6523,41289,86.3570,0,237823152,410433920,352178.65625,4385004032
poteMine_oro_distnc_aluv_m,,double,18611,29201,61.0746,2470,107632.6875,92426.421875,0,376680.78125
poteMine_oro_distnc_roca_m,,double,18611,29201,61.0746,6523,30593.1582031,44026.0117188,0,270044.8125
poteMine_oro_pctMun_roca_pct,,double,6523,41289,86.3570,0,43.7037696838,34.6952209473,.130167424679,200
poteMine_otros_area_roca_m2,,double,0,47812,100.0000,0,,,,
poteMine_otros_distnc_roca_m,,double,0,47812,100.0000,0,,,,
poteMine_otros_pctMun_roca_pct,,double,0,47812,100.0000,0,,,,
precMine_carbon_conteo_C_AU_USmt,,double,42318,5494,11.4908,0,11.9861764908,.262545347214,7,12
precMine_carbon_conteo_C_SA_USmt,,double,33008,14804,30.9629,0,11.9822769165,.297158956528,7,12
precMine_carbon_maximo_C_AU_USmt,,double,42318,5494,11.4908,0,74.2401199341,71.3388824463,7.80000019073,430.799987793
precMine_carbon_maximo_C_SA_USmt,,double,33008,14804,30.9629,0,76.8847732544,54.3782920837,26.5,302
precMine_carbon_minimo_C_AU_USmt,,double,42318,5494,11.4908,0,50.3819923401,33.8370285034,7.80000019073,197
precMine_carbon_minimo_C_SA_USmt,,double,33008,14804,30.9629,0,54.1458206177,30.2430152893,21.2999992371,168.5
precMine_carbon_prmdio_C_AU_USmt,,double,42318,5494,11.4908,0,61.3041381836,51.8237228394,7.80000019073,344.908325195
precMine_carbon_prmdio_C_SA_USmt,,double,33008,14804,30.9629,0,63.8196296692,40.5334320068,24.2916660309,240.558334351
precMine_cobre_conteo_Cu_USmt,,double,43648,4164,8.7091,0,11.9865970612,.258525192738,7,12
precMine_cobre_maximo_Cu_USmt,,double,43648,4164,8.7091,0,4661.60205078,3130.72436523,1133,13552
precMine_cobre_minimo_Cu_USmt,,double,43648,4164,8.7091,0,3414.31054688,2431.6015625,918,12529
precMine_cobre_prmdio_Cu_USmt,,double,43648,4164,8.7091,0,4042.16992188,2778.42016602,1057.66662598,13154.4287109
precMine_fertlz_conteo_KCl_USmt,,double,43648,4164,8.7091,0,11.9865970612,.258525192738,7,12
precMine_fertlz_conteo_phsp_USmt,,double,43648,4164,8.7091,0,11.9865970612,.258525192738,7,12
precMine_fertlz_conteo_urea_USmt,,double,43648,4164,8.7091,0,11.9865970612,.258525192738,7,12
precMine_fertlz_maximo_KCl_USmt,,double,43648,4164,8.7091,0,227.598403931,218.605010986,22,1202
precMine_fertlz_maximo_phsp_USmt,,double,43648,4164,8.7091,0,97.01197052,106.13747406,11,450
precMine_fertlz_maximo_urea_USmt,,double,43648,4164,8.7091,0,256.448364258,200.752975464,16,925
precMine_fertlz_minimo_KCl_USmt,,double,43648,4164,8.7091,0,163.219192505,113.802131653,22,513.799987793
precMine_fertlz_minimo_phsp_USmt,,double,43648,4164,8.7091,0,58.7910690308,40.2752799988,11,172.5
precMine_fertlz_minimo_urea_USmt,,double,43648,4164,8.7091,0,162.191619873,98.2281265259,16,519.400024414
precMine_fertlz_prmdio_KCl_USmt,,double,43648,4164,8.7091,0,197.404556274,167.228164673,22,863.424987793
precMine_fertlz_prmdio_phsp_USmt,,double,43648,4164,8.7091,0,77.1450424194,68.1893081665,11,323.816680908
precMine_fertlz_prmdio_urea_USmt,,double,43648,4164,8.7091,0,204.666625977,138.467056274,16,700.033325195
precMine_metBas_conteo_Al_USmt,,double,43648,4164,8.7091,0,11.9865970612,.258525192738,7,12
precMine_metBas_conteo_Fe_USmt,,double,43648,4164,8.7091,0,11.9865970612,.258525192738,7,12
precMine_metBas_conteo_Pb_USmt,,double,43648,4164,8.7091,0,11.9865970612,.258525192738,7,12
precMine_metBas_conteo_Sn_USmt,,double,43648,4164,8.7091,0,11.9865970612,.258525192738,7,12
precMine_metBas_conteo_zinc_USmt,,double,43648,4164,8.7091,0,11.9865970612,.258525192738,7,12
precMine_metBas_maximo_Al_USmt,,double,43648,4164,8.7091,0,1870.53527832,716.003845215,562,3666
precMine_metBas_maximo_Fe_USmt,,double,43648,4164,8.7091,0,71.2844772339,61.8501586914,8.80000019073,214.399993896
precMine_metBas_maximo_Pb_USmt,,double,43648,4164,8.7091,0,1366.41369629,926.994934082,252,3720
precMine_metBas_maximo_Sn_USmt,,double,43648,4164,8.7091,0,14897.3574219,10003.7353516,3320,53563
precMine_metBas_maximo_zinc_USmt,,double,43648,4164,8.7091,0,1801.01367188,1070.68664551,269,4405
precMine_metBas_minimo_Al_USmt,,double,43648,4164,8.7091,0,1440.76086426,500.581970215,538,3065
precMine_metBas_minimo_Fe_USmt,,double,43648,4164,8.7091,0,49.5456619263,33.6596679688,8.80000019073,135.5
precMine_metBas_minimo_Pb_USmt,,double,43648,4164,8.7091,0,975.559692383,646.54699707,218,2125
precMine_metBas_minimo_Sn_USmt,,double,43648,4164,8.7091,0,10780.1279297,6583.98974609,3062,47324
precMine_metBas_minimo_zinc_USmt,,double,43648,4164,8.7091,0,1261.64819336,711.352355957,258,3182
precMine_metBas_prmdio_Al_USmt,,double,43648,4164,8.7091,0,1647.01538086,590.795654297,552.833312988,3349.4284668
precMine_metBas_prmdio_Fe_USmt,,double,43648,4164,8.7091,0,60.5470123291,47.5482826233,8.80000019073,167.758331299
precMine_metBas_prmdio_Pb_USmt,,double,43648,4164,8.7091,0,1165.39440918,767.305236816,240.666671753,2580
precMine_metBas_prmdio_Sn_USmt,,double,43648,4164,8.7091,0,12850.3564453,8206.18554688,3126.75,50561.8554688
precMine_metBas_prmdio_zinc_USmt,,double,43648,4164,8.7091,0,1516.32507324,871.984191895,263,3481.25
precMine_niquel_conteo_Ni_USmt,,double,43648,4164,8.7091,0,11.9865970612,.258525192738,7,12
precMine_niquel_maximo_Ni_USmt,,double,43648,4164,8.7091,0,14152.9277344,10611.3642578,2075,52179
precMine_niquel_minimo_Ni_USmt,,double,43648,4164,8.7091,0,9073.92578125,5586.30273438,2075,25992
precMine_niquel_prmdio_Ni_USmt,,double,43648,4164,8.7091,0,11467.5322266,7681.52441406,2075,37229.8320313
precMine_oPreci_conteo_Ag_USoz,,double,43648,4164,8.7091,0,11.9865970612,.258525192738,7,12
precMine_oPreci_conteo_plat_USoz,,double,43648,4164,8.7091,0,11.9865970612,.258525192738,7,12
precMine_oPreci_maximo_Ag_USoz,,double,43648,4164,8.7091,0,14.4668273926,12.4314069748,1.70000004768,92.0999984741
precMine_oPreci_maximo_plat_USoz,,double,43648,4164,8.7091,0,839.213012695,549.767028809,123,2434
precMine_oPreci_minimo_Ag_USoz,,double,43648,4164,8.7091,0,9.89717769623,7.76777696609,1.29999995232,58.7999992371
precMine_oPreci_minimo_plat_USoz,,double,43648,4164,8.7091,0,645.950500488,407.795379639,112,1622
precMine_oPreci_prmdio_Ag_USoz,,double,43648,4164,8.7091,0,11.8836936951,9.55338382721,1.54166662693,75.9000015259
precMine_oPreci_prmdio_plat_USoz,,double,43648,4164,8.7091,0,742.797607422,478.958312988,117.666664124,1998.7142334
precMine_oro_conteo_oro_USoz,,double,43648,4164,8.7091,0,11.9865970612,.258525192738,7,12
precMine_oro_maximo_oro_USoz,,double,43648,4164,8.7091,0,817.508544922,750.060424805,38,5020
precMine_oro_minimo_oro_USoz,,double,43648,4164,8.7091,0,666.542602539,585.965332031,35,4073
precMine_oro_prmdio_oro_USoz,,double,43648,4164,8.7091,0,738.520629883,664.740966797,35.8333320618,4605.42871094
prodAgr_CCPerm_ACosch_cicl_ha,,double,18890,28922,60.4911,84,2477.95141602,4161.71826172,0,64700.25
prodAgr_CCPerm_ASembr_cicl_ha,,double,18890,28922,60.4911,0,2920.5144043,4777.67871094,.25,67965.6171875
prodAgr_CCPerm_Produc_cicl_ton,,double,18890,28922,60.4911,84,41213.9414063,196893.3125,0,4795561
prodAgr_CCTrns_ACosch_cicl_ha,,double,20609,27203,56.8958,6,1670.0526123,3830.46362305,0,128621.875
prodAgr_CCTrns_ASembr_cicl_ha,,double,20609,27203,56.8958,1,1792.61694336,3933.97216797,0,128621.875
prodAgr_CCTrns_Produc_cicl_ton,,double,20609,27203,56.8958,6,11827.8837891,26384.1914063,0,599412.0625
prodAgr_Cagcte_ACosch_OCer_ha,,double,19145,28667,59.9578,21,1085.69799805,2973.85522461,0,75001.875
prodAgr_Cagcte_ACosch_OFrt_ha,,double,18318,29494,61.6874,100,719.206359863,1616.20483398,0,33866
prodAgr_Cagcte_ACosch_OHor_ha,,double,13534,34278,71.6933,29,136.574645996,307.589874268,0,5190
prodAgr_Cagcte_ACosch_OLeg_ha,,double,14520,33292,69.6311,38,192.163909912,457.164276123,0,10705
prodAgr_Cagcte_ACosch_OMed_ha,,double,1884,45928,96.0596,100,25.741350174,57.9121627808,0,622
prodAgr_Cagcte_ACosch_OOle_ha,,double,3416,44396,92.8553,209,2718.07714844,6624.10595703,0,90490
prodAgr_Cagcte_ACosch_OPer_ha,,double,18883,28929,60.5057,83,2427.81835938,4117.5078125,0,64694
prodAgr_Cagcte_ACosch_ORai_ha,,double,17856,29956,62.6537,66,416.029205322,985.024230957,0,20220
prodAgr_Cagcte_ACosch_OTrn_ha,,double,20609,27203,56.8958,6,1670.0526123,3830.46362305,0,128621.875
prodAgr_Cagcte_ACosch_OTrp_ha,,double,15629,32183,67.3116,126,1593.30810547,2571.49438477,0,34520.1796875
prodAgr_Cagcte_ACosch_cltv_ha,,double,8168,39644,82.9164,516,118.022445679,375.223114014,0,6154
prodAgr_Cagcte_ASembr_OCer_ha,,double,19145,28667,59.9578,3,1156.4666748,3057.99047852,0,75001.875
prodAgr_Cagcte_ASembr_OFrt_ha,,double,18318,29494,61.6874,0,811.703613281,1754.53015137,.25,36741
prodAgr_Cagcte_ASembr_OHor_ha,,double,13534,34278,71.6933,2,147.865371704,325.240325928,0,5190
prodAgr_Cagcte_ASembr_OLeg_ha,,double,14520,33292,69.6311,1,207.739715576,486.557769775,0,11705
prodAgr_Cagcte_ASembr_OMed_ha,,double,1884,45928,96.0596,0,30.14412117,63.9853172302,.00474999984726,640
prodAgr_Cagcte_ASembr_OOle_ha,,double,3416,44396,92.8553,2,3232.2043457,7315.78857422,0,90490
prodAgr_Cagcte_ASembr_OPer_ha,,double,18883,28929,60.5057,0,2853.88378906,4723.125,.25,67938.3203125
prodAgr_Cagcte_ASembr_ORai_ha,,double,17856,29956,62.6537,11,459.222381592,1049.46594238,0,21220
prodAgr_Cagcte_ASembr_OTrn_ha,,double,20609,27203,56.8958,1,1792.61694336,3933.97216797,0,128621.875
prodAgr_Cagcte_ASembr_OTrp_ha,,double,15629,32183,67.3116,0,1888.1003418,2969.67651367,.209999993443,38456.96875
prodAgr_Cagcte_ASembr_cltv_ha,,double,8168,39644,82.9164,0,156.541381836,452.77923584,.0348999984562,6548
prodAgr_Cagcte_Produc_OCer_ton,,double,19145,28667,59.9578,21,4328.50488281,15984.6708984,0,431239.25
prodAgr_Cagcte_Produc_OFrt_ton,,double,18318,29494,61.6874,100,9298.02050781,34221.8515625,0,615784
prodAgr_Cagcte_Produc_OHor_ton,,double,13534,34278,71.6933,29,3101.84130859,9169.6328125,0,167960
prodAgr_Cagcte_Produc_OLeg_ton,,double,14520,33292,69.6311,38,342.365631104,965.667297363,0,26519.2207031
prodAgr_Cagcte_Produc_OMed_ton,,double,1884,45928,96.0596,100,161.094436646,400.890838623,0,5051
prodAgr_Cagcte_Produc_OOle_ton,,double,3416,44396,92.8553,209,8831.16015625,22194.2929688,0,274153.84375
prodAgr_Cagcte_Produc_OPer_ton,,double,18883,28929,60.5057,83,40734.078125,196851.3125,0,4793261
prodAgr_Cagcte_Produc_ORai_ton,,double,17856,29956,62.6537,66,6196.00390625,18641.8691406,0,476953
prodAgr_Cagcte_Produc_OTrn_ton,,double,20609,27203,56.8958,6,11827.8837891,26384.1914063,0,599412.0625
prodAgr_Cagcte_Produc_OTrp_ton,,double,15629,32183,67.3116,126,36579.0546875,212616.984375,0,4787313.5
prodAgr_Cagcte_Produc_cltv_ton,,double,8168,39644,82.9164,516,1144.67919922,4098.47753906,0,107840
prodAgr_Cahyma_ACosch_OCer_ha,,double,19145,28667,59.9578,21,1085.69799805,2973.85522461,0,75001.875
prodAgr_Cahyma_ACosch_OFrt_ha,,double,18415,29397,61.4846,118,767.767028809,1669.78222656,0,33972
prodAgr_Cahyma_ACosch_OHor_ha,,double,13158,34654,72.4797,30,127.666694641,297.950836182,0,4764
prodAgr_Cahyma_ACosch_OLeg_ha,,double,14520,33292,69.6311,38,192.163909912,457.164276123,0,10705
prodAgr_Cahyma_ACosch_OMed_ha,,double,1884,45928,96.0596,100,25.741350174,57.9121627808,0,622
prodAgr_Cahyma_ACosch_OOle_ha,,double,3416,44396,92.8553,209,2718.07714844,6624.10595703,0,90490
prodAgr_Cahyma_ACosch_OPer_ha,,double,18890,28922,60.4911,84,2477.95141602,4161.71826172,0,64700.25
prodAgr_Cahyma_ACosch_ORai_ha,,double,17856,29956,62.6537,66,416.029205322,985.024230957,0,20220
prodAgr_Cahyma_ACosch_OTrn_ha,,double,20609,27203,56.8958,6,1661.87353516,3827.73535156,0,128621.875
prodAgr_Cahyma_ACosch_OTrp_ha,,double,15629,32183,67.3116,126,1593.30810547,2571.49438477,0,34520.1796875
prodAgr_Cahyma_ACosch_cltv_ha,,double,3231,44581,93.2423,31,52.1705284119,104.662101746,0,971
prodAgr_Cahyma_ASembr_OCer_ha,,double,19145,28667,59.9578,3,1156.4666748,3057.99047852,0,75001.875
prodAgr_Cahyma_ASembr_OFrt_ha,,double,18415,29397,61.4846,0,876.862182617,1824.71984863,.25,36989
prodAgr_Cahyma_ASembr_OHor_ha,,double,13158,34654,72.4797,3,137.310836792,314.000793457,0,4764
prodAgr_Cahyma_ASembr_OLeg_ha,,double,14520,33292,69.6311,1,207.739715576,486.557769775,0,11705
prodAgr_Cahyma_ASembr_OMed_ha,,double,1884,45928,96.0596,0,30.14412117,63.9853172302,.00474999984726,640
prodAgr_Cahyma_ASembr_OOle_ha,,double,3416,44396,92.8553,2,3232.2043457,7315.78857422,0,90490
prodAgr_Cahyma_ASembr_OPer_ha,,double,18890,28922,60.4911,0,2920.5144043,4777.67871094,.25,67965.6171875
prodAgr_Cahyma_ASembr_ORai_ha,,double,17856,29956,62.6537,11,459.222381592,1049.46594238,0,21220
prodAgr_Cahyma_ASembr_OTrn_ha,,double,20609,27203,56.8958,1,1783.18066406,3930.55224609,0,128621.875
prodAgr_Cahyma_ASembr_OTrp_ha,,double,15629,32183,67.3116,0,1888.1003418,2969.67651367,.209999993443,38456.96875
prodAgr_Cahyma_ASembr_cltv_ha,,double,3231,44581,93.2423,0,60.1900138855,117.004325867,.00249999994412,1100
prodAgr_Cahyma_Produc_OCer_ton,,double,19145,28667,59.9578,21,4328.50488281,15984.6708984,0,431239.25
prodAgr_Cahyma_Produc_OFrt_ton,,double,18415,29397,61.4846,118,9756.76757813,34480.5351563,0,616894
prodAgr_Cahyma_Produc_OHor_ton,,double,13158,34654,72.4797,30,3040.68896484,9201.20800781,0,167960
prodAgr_Cahyma_Produc_OLeg_ton,,double,14520,33292,69.6311,38,342.365631104,965.667297363,0,26519.2207031
prodAgr_Cahyma_Produc_OMed_ton,,double,1884,45928,96.0596,100,161.094436646,400.890838623,0,5051
prodAgr_Cahyma_Produc_OOle_ton,,double,3416,44396,92.8553,209,8831.16015625,22194.2929688,0,274153.84375
prodAgr_Cahyma_Produc_OPer_ton,,double,18890,28922,60.4911,84,41213.9414063,196893.3125,0,4795561
prodAgr_Cahyma_Produc_ORai_ton,,double,17856,29956,62.6537,66,6196.00390625,18641.8691406,0,476953
prodAgr_Cahyma_Produc_OTrn_ton,,double,20609,27203,56.8958,6,11732.2490234,26355.0410156,0,599412.0625
prodAgr_Cahyma_Produc_OTrp_ton,,double,15629,32183,67.3116,126,36579.0546875,212616.984375,0,4787313.5
prodAgr_Cahyma_Produc_cltv_ton,,double,3231,44581,93.2423,31,610.00793457,1395.82617188,0,21500
prodAgr_Calgdn_ACosch_OCer_ha,,double,19145,28667,59.9578,21,1085.69799805,2973.85522461,0,75001.875
prodAgr_Calgdn_ACosch_OFrt_ha,,double,18415,29397,61.4846,118,767.767028809,1669.78222656,0,33972
prodAgr_Calgdn_ACosch_OHor_ha,,double,13534,34278,71.6933,29,136.574645996,307.589874268,0,5190
prodAgr_Calgdn_ACosch_OLeg_ha,,double,14520,33292,69.6311,38,192.163909912,457.164276123,0,10705
prodAgr_Calgdn_ACosch_OMed_ha,,double,1884,45928,96.0596,100,25.741350174,57.9121627808,0,622
prodAgr_Calgdn_ACosch_OOle_ha,,double,3416,44396,92.8553,209,2718.07714844,6624.10595703,0,90490
prodAgr_Calgdn_ACosch_OPer_ha,,double,18890,28922,60.4911,84,2477.95141602,4161.71826172,0,64700.25
prodAgr_Calgdn_ACosch_ORai_ha,,double,17856,29956,62.6537,66,416.029205322,985.024230957,0,20220
prodAgr_Calgdn_ACosch_OTrn_ha,,double,20607,27205,56.8999,6,1648.39355469,3792.63232422,0,128621.875
prodAgr_Calgdn_ACosch_OTrp_ha,,double,15254,32558,68.0959,129,1602.99890137,2593.03955078,0,34368.8789063
prodAgr_Calgdn_ACosch_cltv_ha,,double,1219,46593,97.4504,10,368.882202148,759.063781738,0,6740.68798828
prodAgr_Calgdn_ASembr_OCer_ha,,double,19145,28667,59.9578,3,1156.4666748,3057.99047852,0,75001.875
prodAgr_Calgdn_ASembr_OFrt_ha,,double,18415,29397,61.4846,0,876.862182617,1824.71984863,.25,36989
prodAgr_Calgdn_ASembr_OHor_ha,,double,13534,34278,71.6933,2,147.865371704,325.240325928,0,5190
prodAgr_Calgdn_ASembr_OLeg_ha,,double,14520,33292,69.6311,1,207.739715576,486.557769775,0,11705
prodAgr_Calgdn_ASembr_OMed_ha,,double,1884,45928,96.0596,0,30.14412117,63.9853172302,.00474999984726,640
prodAgr_Calgdn_ASembr_OOle_ha,,double,3416,44396,92.8553,2,3232.2043457,7315.78857422,0,90490
prodAgr_Calgdn_ASembr_OPer_ha,,double,18890,28922,60.4911,0,2920.5144043,4777.67871094,.25,67965.6171875
prodAgr_Calgdn_ASembr_ORai_ha,,double,17856,29956,62.6537,11,459.222381592,1049.46594238,0,21220
prodAgr_Calgdn_ASembr_OTrn_ha,,double,20607,27205,56.8999,1,1770.20800781,3894.62304688,0,128621.875
prodAgr_Calgdn_ASembr_OTrp_ha,,double,15254,32558,68.0959,0,1904.00915527,2995.32080078,.209999993443,38456.96875
prodAgr_Calgdn_ASembr_cltv_ha,,double,1219,46593,97.4504,5,381.760498047,786.187438965,0,6740.68798828
prodAgr_Calgdn_Produc_OCer_ton,,double,19145,28667,59.9578,21,4328.50488281,15984.6708984,0,431239.25
prodAgr_Calgdn_Produc_OFrt_ton,,double,18415,29397,61.4846,118,9756.76757813,34480.5351563,0,616894
prodAgr_Calgdn_Produc_OHor_ton,,double,13534,34278,71.6933,29,3101.84130859,9169.6328125,0,167960
prodAgr_Calgdn_Produc_OLeg_ton,,double,14520,33292,69.6311,38,342.365631104,965.667297363,0,26519.2207031
prodAgr_Calgdn_Produc_OMed_ton,,double,1884,45928,96.0596,100,161.094436646,400.890838623,0,5051
prodAgr_Calgdn_Produc_OOle_ton,,double,3416,44396,92.8553,209,8831.16015625,22194.2929688,0,274153.84375
prodAgr_Calgdn_Produc_OPer_ton,,double,18890,28922,60.4911,84,41213.9414063,196893.3125,0,4795561
prodAgr_Calgdn_Produc_ORai_ton,,double,17856,29956,62.6537,66,6196.00390625,18641.8691406,0,476953
prodAgr_Calgdn_Produc_OTrn_ton,,double,20607,27205,56.8999,6,11783.359375,26321.84375,0,599412.0625
prodAgr_Calgdn_Produc_OTrp_ton,,double,15254,32558,68.0959,129,37416.6054688,215141.875,0,4787313.5
prodAgr_Calgdn_Produc_cltv_ton,,double,1219,46593,97.4504,10,772.093139648,1711.11999512,0,15503.5830078
prodAgr_Carroz_ACosch_OCer_ha,,double,18903,28909,60.4639,26,542.073425293,1538.36035156,0,64400
prodAgr_Carroz_ACosch_OFrt_ha,,double,18415,29397,61.4846,118,767.767028809,1669.78222656,0,33972
prodAgr_Carroz_ACosch_OHor_ha,,double,13534,34278,71.6933,29,136.574645996,307.589874268,0,5190
prodAgr_Carroz_ACosch_OLeg_ha,,double,14520,33292,69.6311,38,192.163909912,457.164276123,0,10705
prodAgr_Carroz_ACosch_OMed_ha,,double,1884,45928,96.0596,100,25.741350174,57.9121627808,0,622
prodAgr_Carroz_ACosch_OOle_ha,,double,3416,44396,92.8553,209,2718.07714844,6624.10595703,0,90490
prodAgr_Carroz_ACosch_OPer_ha,,double,18890,28922,60.4911,84,2477.95141602,4161.71826172,0,64700.25
prodAgr_Carroz_ACosch_ORai_ha,,double,17856,29956,62.6537,66,416.029205322,985.024230957,0,20220
prodAgr_Carroz_ACosch_OTrn_ha,,double,20565,27247,56.9878,7,1161.15930176,2815.98681641,0,118020
prodAgr_Carroz_ACosch_OTrp_ha,,double,15629,32183,67.3116,126,1593.30810547,2571.49438477,0,34520.1796875
prodAgr_Carroz_ACosch_cltv_ha,,double,5516,42296,88.4632,6,1910.60083008,3880.07373047,0,41300
prodAgr_Carroz_ASembr_OCer_ha,,double,18903,28909,60.4639,4,593.589599609,1606.22167969,0,64400
prodAgr_Carroz_ASembr_OFrt_ha,,double,18415,29397,61.4846,0,876.862182617,1824.71984863,.25,36989
prodAgr_Carroz_ASembr_OHor_ha,,double,13534,34278,71.6933,2,147.865371704,325.240325928,0,5190
prodAgr_Carroz_ASembr_OLeg_ha,,double,14520,33292,69.6311,1,207.739715576,486.557769775,0,11705
prodAgr_Carroz_ASembr_OMed_ha,,double,1884,45928,96.0596,0,30.14412117,63.9853172302,.00474999984726,640
prodAgr_Carroz_ASembr_OOle_ha,,double,3416,44396,92.8553,2,3232.2043457,7315.78857422,0,90490
prodAgr_Carroz_ASembr_OPer_ha,,double,18890,28922,60.4911,0,2920.5144043,4777.67871094,.25,67965.6171875
prodAgr_Carroz_ASembr_ORai_ha,,double,17856,29956,62.6537,11,459.222381592,1049.46594238,0,21220
prodAgr_Carroz_ASembr_OTrn_ha,,double,20565,27247,56.9878,1,1265.45654297,2907.93139648,0,118020
prodAgr_Carroz_ASembr_OTrp_ha,,double,15629,32183,67.3116,0,1888.1003418,2969.67651367,.209999993443,38456.96875
prodAgr_Carroz_ASembr_cltv_ha,,double,5516,42296,88.4632,3,1979.68261719,3954.18847656,0,41100
prodAgr_Carroz_Produc_OCer_ton,,double,18903,28909,60.4639,26,1447.1015625,7387.77001953,0,392282.4375
prodAgr_Carroz_Produc_OFrt_ton,,double,18415,29397,61.4846,118,9756.76757813,34480.5351563,0,616894
prodAgr_Carroz_Produc_OHor_ton,,double,13534,34278,71.6933,29,3101.84130859,9169.6328125,0,167960
prodAgr_Carroz_Produc_OLeg_ton,,double,14520,33292,69.6311,38,342.365631104,965.667297363,0,26519.2207031
prodAgr_Carroz_Produc_OMed_ton,,double,1884,45928,96.0596,100,161.094436646,400.890838623,0,5051
prodAgr_Carroz_Produc_OOle_ton,,double,3416,44396,92.8553,209,8831.16015625,22194.2929688,0,274153.84375
prodAgr_Carroz_Produc_OPer_ton,,double,18890,28922,60.4911,84,41213.9414063,196893.3125,0,4795561
prodAgr_Carroz_Produc_ORai_ton,,double,17856,29956,62.6537,66,6196.00390625,18641.8691406,0,476953
prodAgr_Carroz_Produc_OTrn_ton,,double,20565,27247,56.9878,7,9153.71679688,22662.0449219,0,560455.3125
prodAgr_Carroz_Produc_OTrp_ton,,double,15629,32183,67.3116,126,36579.0546875,212616.984375,0,4787313.5
prodAgr_Carroz_Produc_cltv_ton,,double,5516,42296,88.4632,6,10064.2978516,22371.5878906,0,253750
prodAgr_Carvja_ACosch_OCer_ha,,double,19145,28667,59.9578,21,1085.69799805,2973.85522461,0,75001.875
prodAgr_Carvja_ACosch_OFrt_ha,,double,18415,29397,61.4846,118,767.767028809,1669.78222656,0,33972
prodAgr_Carvja_ACosch_OHor_ha,,double,13534,34278,71.6933,29,136.574645996,307.589874268,0,5190
prodAgr_Carvja_ACosch_OLeg_ha,,double,13610,34202,71.5343,41,166.776168823,417.21987915,0,8150
prodAgr_Carvja_ACosch_OMed_ha,,double,1884,45928,96.0596,100,25.741350174,57.9121627808,0,622
prodAgr_Carvja_ACosch_OOle_ha,,double,3416,44396,92.8553,209,2718.07714844,6624.10595703,0,90490
prodAgr_Carvja_ACosch_OPer_ha,,double,18890,28922,60.4911,84,2477.95141602,4161.71826172,0,64700.25
prodAgr_Carvja_ACosch_ORai_ha,,double,17856,29956,62.6537,66,416.029205322,985.024230957,0,20220
prodAgr_Carvja_ACosch_OTrn_ha,,double,20607,27205,56.8999,6,1644.96130371,3820.49194336,0,128621.875
prodAgr_Carvja_ACosch_OTrp_ha,,double,15629,32183,67.3116,126,1593.30810547,2571.49438477,0,34520.1796875
prodAgr_Carvja_ACosch_cltv_ha,,double,5795,42017,87.8796,8,89.8008956909,262.585205078,0,5600
prodAgr_Carvja_ASembr_OCer_ha,,double,19145,28667,59.9578,3,1156.4666748,3057.99047852,0,75001.875
prodAgr_Carvja_ASembr_OFrt_ha,,double,18415,29397,61.4846,0,876.862182617,1824.71984863,.25,36989
prodAgr_Carvja_ASembr_OHor_ha,,double,13534,34278,71.6933,2,147.865371704,325.240325928,0,5190
prodAgr_Carvja_ASembr_OLeg_ha,,double,13610,34202,71.5343,1,180.532669067,441.582275391,0,8600
prodAgr_Carvja_ASembr_OMed_ha,,double,1884,45928,96.0596,0,30.14412117,63.9853172302,.00474999984726,640
prodAgr_Carvja_ASembr_OOle_ha,,double,3416,44396,92.8553,2,3232.2043457,7315.78857422,0,90490
prodAgr_Carvja_ASembr_OPer_ha,,double,18890,28922,60.4911,0,2920.5144043,4777.67871094,.25,67965.6171875
prodAgr_Carvja_ASembr_ORai_ha,,double,17856,29956,62.6537,11,459.222381592,1049.46594238,0,21220
prodAgr_Carvja_ASembr_OTrn_ha,,double,20607,27205,56.8999,1,1765.64819336,3923.12060547,0,128621.875
prodAgr_Carvja_ASembr_OTrp_ha,,double,15629,32183,67.3116,0,1888.1003418,2969.67651367,.209999993443,38456.96875
prodAgr_Carvja_ASembr_cltv_ha,,double,5795,42017,87.8796,0,96.5196075439,279.835083008,.10000000149,6200
prodAgr_Carvja_Produc_OCer_ton,,double,19145,28667,59.9578,21,4328.50488281,15984.6708984,0,431239.25
prodAgr_Carvja_Produc_OFrt_ton,,double,18415,29397,61.4846,118,9756.76757813,34480.5351563,0,616894
prodAgr_Carvja_Produc_OHor_ton,,double,13534,34278,71.6933,29,3101.84130859,9169.6328125,0,167960
prodAgr_Carvja_Produc_OLeg_ton,,double,13610,34202,71.5343,41,282.635284424,776.020812988,0,15826.2998047
prodAgr_Carvja_Produc_OMed_ton,,double,1884,45928,96.0596,100,161.094436646,400.890838623,0,5051
prodAgr_Carvja_Produc_OOle_ton,,double,3416,44396,92.8553,209,8831.16015625,22194.2929688,0,274153.84375
prodAgr_Carvja_Produc_OPer_ton,,double,18890,28922,60.4911,84,41213.9414063,196893.3125,0,4795561
prodAgr_Carvja_Produc_ORai_ton,,double,17856,29956,62.6537,66,6196.00390625,18641.8691406,0,476953
prodAgr_Carvja_Produc_OTrn_ton,,double,20607,27205,56.8999,6,11774.4638672,26302.84375,0,599412.0625
prodAgr_Carvja_Produc_OTrp_ton,,double,15629,32183,67.3116,126,36579.0546875,212616.984375,0,4787313.5
prodAgr_Carvja_Produc_cltv_ton,,double,5795,42017,87.8796,8,194.043609619,876.639587402,0,25675.2304688
prodAgr_Cbnano_ACosch_OCer_ha,,double,19145,28667,59.9578,21,1085.69799805,2973.85522461,0,75001.875
prodAgr_Cbnano_ACosch_OFrt_ha,,double,18387,29425,61.5431,122,686.521057129,1390.47729492,0,23648
prodAgr_Cbnano_ACosch_OHor_ha,,double,13534,34278,71.6933,29,136.574645996,307.589874268,0,5190
prodAgr_Cbnano_ACosch_OLeg_ha,,double,14520,33292,69.6311,38,192.163909912,457.164276123,0,10705
prodAgr_Cbnano_ACosch_OMed_ha,,double,1884,45928,96.0596,100,25.741350174,57.9121627808,0,622
prodAgr_Cbnano_ACosch_OOle_ha,,double,3416,44396,92.8553,209,2718.07714844,6624.10595703,0,90490
prodAgr_Cbnano_ACosch_OPer_ha,,double,18890,28922,60.4911,84,2397.73095703,4018.5144043,0,64676
prodAgr_Cbnano_ACosch_ORai_ha,,double,17856,29956,62.6537,66,416.029205322,985.024230957,0,20220
prodAgr_Cbnano_ACosch_OTrn_ha,,double,20609,27203,56.8958,6,1670.0526123,3830.46362305,0,128621.875
prodAgr_Cbnano_ACosch_OTrp_ha,,double,15629,32183,67.3116,126,1593.30810547,2571.49438477,0,34520.1796875
prodAgr_Cbnano_ACosch_cltv_ha,,double,3750,44062,92.1568,75,404.097839355,1438.0435791,0,14538
prodAgr_Cbnano_ASembr_OCer_ha,,double,19145,28667,59.9578,3,1156.4666748,3057.99047852,0,75001.875
prodAgr_Cbnano_ASembr_OFrt_ha,,double,18387,29425,61.5431,0,790.86138916,1550.86901855,.25,26389
prodAgr_Cbnano_ASembr_OHor_ha,,double,13534,34278,71.6933,2,147.865371704,325.240325928,0,5190
prodAgr_Cbnano_ASembr_OLeg_ha,,double,14520,33292,69.6311,1,207.739715576,486.557769775,0,11705
prodAgr_Cbnano_ASembr_OMed_ha,,double,1884,45928,96.0596,0,30.14412117,63.9853172302,.00474999984726,640
prodAgr_Cbnano_ASembr_OOle_ha,,double,3416,44396,92.8553,2,3232.2043457,7315.78857422,0,90490
prodAgr_Cbnano_ASembr_OPer_ha,,double,18890,28922,60.4911,0,2835.50390625,4639.02050781,.25,67677.6171875
prodAgr_Cbnano_ASembr_ORai_ha,,double,17856,29956,62.6537,11,459.222381592,1049.46594238,0,21220
prodAgr_Cbnano_ASembr_OTrn_ha,,double,20609,27203,56.8958,1,1792.61694336,3933.97216797,0,128621.875
prodAgr_Cbnano_ASembr_OTrp_ha,,double,15629,32183,67.3116,0,1888.1003418,2969.67651367,.209999993443,38456.96875
prodAgr_Cbnano_ASembr_cltv_ha,,double,3750,44062,92.1568,0,428.226257324,1460.45812988,.0303450003266,14938
prodAgr_Cbnano_Produc_OCer_ton,,double,19145,28667,59.9578,21,4328.50488281,15984.6708984,0,431239.25
prodAgr_Cbnano_Produc_OFrt_ton,,double,18387,29425,61.5431,122,7666.01904297,21550.9824219,0,547345.875
prodAgr_Cbnano_Produc_OHor_ton,,double,13534,34278,71.6933,29,3101.84130859,9169.6328125,0,167960
prodAgr_Cbnano_Produc_OLeg_ton,,double,14520,33292,69.6311,38,342.365631104,965.667297363,0,26519.2207031
prodAgr_Cbnano_Produc_OMed_ton,,double,1884,45928,96.0596,100,161.094436646,400.890838623,0,5051
prodAgr_Cbnano_Produc_OOle_ton,,double,3416,44396,92.8553,209,8831.16015625,22194.2929688,0,274153.84375
prodAgr_Cbnano_Produc_OPer_ton,,double,18890,28922,60.4911,84,39164.4023438,195200.28125,0,4794045.5
prodAgr_Cbnano_Produc_ORai_ton,,double,17856,29956,62.6537,66,6196.00390625,18641.8691406,0,476953
prodAgr_Cbnano_Produc_OTrn_ton,,double,20609,27203,56.8958,6,11827.8837891,26384.1914063,0,599412.0625
prodAgr_Cbnano_Produc_OTrp_ton,,double,15629,32183,67.3116,126,36579.0546875,212616.984375,0,4787313.5
prodAgr_Cbnano_Produc_cltv_ton,,double,3750,44062,92.1568,75,10324.2099609,52882.921875,0,581520
prodAgr_Ccacao_ACosch_OCer_ha,,double,19145,28667,59.9578,21,1085.69799805,2973.85522461,0,75001.875
prodAgr_Ccacao_ACosch_OFrt_ha,,double,18415,29397,61.4846,118,767.767028809,1669.78222656,0,33972
prodAgr_Ccacao_ACosch_OHor_ha,,double,13534,34278,71.6933,29,136.574645996,307.589874268,0,5190
prodAgr_Ccacao_ACosch_OLeg_ha,,double,14520,33292,69.6311,38,192.163909912,457.164276123,0,10705
prodAgr_Ccacao_ACosch_OMed_ha,,double,1884,45928,96.0596,100,25.741350174,57.9121627808,0,622
prodAgr_Ccacao_ACosch_OOle_ha,,double,3416,44396,92.8553,209,2718.07714844,6624.10595703,0,90490
prodAgr_Ccacao_ACosch_OPer_ha,,double,18876,28936,60.5204,87,2316.57470703,3869.67797852,0,47906
prodAgr_Ccacao_ACosch_ORai_ha,,double,17856,29956,62.6537,66,416.029205322,985.024230957,0,20220
prodAgr_Ccacao_ACosch_OTrn_ha,,double,20609,27203,56.8958,6,1670.0526123,3830.46362305,0,128621.875
prodAgr_Ccacao_ACosch_OTrp_ha,,double,14442,33370,69.7942,57,1510.93835449,2486.30322266,0,34500.9804688
prodAgr_Ccacao_ACosch_cltv_ha,,double,9505,38307,80.1201,397,324.128265381,1109.53222656,0,18724
prodAgr_Ccacao_ASembr_OCer_ha,,double,19145,28667,59.9578,3,1156.4666748,3057.99047852,0,75001.875
prodAgr_Ccacao_ASembr_OFrt_ha,,double,18415,29397,61.4846,0,876.862182617,1824.71984863,.25,36989
prodAgr_Ccacao_ASembr_OHor_ha,,double,13534,34278,71.6933,2,147.865371704,325.240325928,0,5190
prodAgr_Ccacao_ASembr_OLeg_ha,,double,14520,33292,69.6311,1,207.739715576,486.557769775,0,11705
prodAgr_Ccacao_ASembr_OMed_ha,,double,1884,45928,96.0596,0,30.14412117,63.9853172302,.00474999984726,640
prodAgr_Ccacao_ASembr_OOle_ha,,double,3416,44396,92.8553,2,3232.2043457,7315.78857422,0,90490
prodAgr_Ccacao_ASembr_OPer_ha,,double,18876,28936,60.5204,0,2724.67724609,4450.60888672,.25,48398
prodAgr_Ccacao_ASembr_ORai_ha,,double,17856,29956,62.6537,11,459.222381592,1049.46594238,0,21220
prodAgr_Ccacao_ASembr_OTrn_ha,,double,20609,27203,56.8958,1,1792.61694336,3933.97216797,0,128621.875
prodAgr_Ccacao_ASembr_OTrp_ha,,double,14442,33370,69.7942,1,1784.49072266,2887.63452148,0,38449.46875
prodAgr_Ccacao_ASembr_cltv_ha,,double,9505,38307,80.1201,0,393.214782715,1239.31713867,.159999996424,19660.1992188
prodAgr_Ccacao_Produc_OCer_ton,,double,19145,28667,59.9578,21,4328.50488281,15984.6708984,0,431239.25
prodAgr_Ccacao_Produc_OFrt_ton,,double,18415,29397,61.4846,118,9756.76757813,34480.5351563,0,616894
prodAgr_Ccacao_Produc_OHor_ton,,double,13534,34278,71.6933,29,3101.84130859,9169.6328125,0,167960
prodAgr_Ccacao_Produc_OLeg_ton,,double,14520,33292,69.6311,38,342.365631104,965.667297363,0,26519.2207031
prodAgr_Ccacao_Produc_OMed_ton,,double,1884,45928,96.0596,100,161.094436646,400.890838623,0,5051
prodAgr_Ccacao_Produc_OOle_ton,,double,3416,44396,92.8553,209,8831.16015625,22194.2929688,0,274153.84375
prodAgr_Ccacao_Produc_OPer_ton,,double,18876,28936,60.5204,87,41154.9257813,196952.140625,0,4795552.5
prodAgr_Ccacao_Produc_ORai_ton,,double,17856,29956,62.6537,66,6196.00390625,18641.8691406,0,476953
prodAgr_Ccacao_Produc_OTrn_ton,,double,20609,27203,56.8958,6,11827.8837891,26384.1914063,0,599412.0625
prodAgr_Ccacao_Produc_OTrp_ton,,double,14442,33370,69.7942,57,39468.4335938,220926.640625,0,4787305
prodAgr_Ccacao_Produc_cltv_ton,,double,9505,38307,80.1201,397,177.902206421,578.831420898,0,10122
prodAgr_Ccafe_ACosch_OCer_ha,,double,19145,28667,59.9578,21,1085.69799805,2973.85522461,0,75001.875
prodAgr_Ccafe_ACosch_OFrt_ha,,double,18415,29397,61.4846,118,767.767028809,1669.78222656,0,33972
prodAgr_Ccafe_ACosch_OHor_ha,,double,13534,34278,71.6933,29,136.574645996,307.589874268,0,5190
prodAgr_Ccafe_ACosch_OLeg_ha,,double,14520,33292,69.6311,38,192.163909912,457.164276123,0,10705
prodAgr_Ccafe_ACosch_OMed_ha,,double,1884,45928,96.0596,100,25.741350174,57.9121627808,0,622
prodAgr_Ccafe_ACosch_OOle_ha,,double,3416,44396,92.8553,209,2718.07714844,6624.10595703,0,90490
prodAgr_Ccafe_ACosch_OPer_ha,,double,18832,28980,60.6124,93,1782.33325195,3782.65917969,0,64700.25
prodAgr_Ccafe_ACosch_ORai_ha,,double,17856,29956,62.6537,66,416.029205322,985.024230957,0,20220
prodAgr_Ccafe_ACosch_OTrn_ha,,double,20609,27203,56.8958,6,1670.0526123,3830.46362305,0,128621.875
prodAgr_Ccafe_ACosch_OTrp_ha,,double,14655,33157,69.3487,148,795.510681152,2078.98901367,0,34248.5
prodAgr_Ccafe_ACosch_cltv_ha,,double,11071,36741,76.8447,72,1196.24267578,1703.13134766,0,18454
prodAgr_Ccafe_ASembr_OCer_ha,,double,19145,28667,59.9578,3,1156.4666748,3057.99047852,0,75001.875
prodAgr_Ccafe_ASembr_OFrt_ha,,double,18415,29397,61.4846,0,876.862182617,1824.71984863,.25,36989
prodAgr_Ccafe_ASembr_OHor_ha,,double,13534,34278,71.6933,2,147.865371704,325.240325928,0,5190
prodAgr_Ccafe_ASembr_OLeg_ha,,double,14520,33292,69.6311,1,207.739715576,486.557769775,0,11705
prodAgr_Ccafe_ASembr_OMed_ha,,double,1884,45928,96.0596,0,30.14412117,63.9853172302,.00474999984726,640
prodAgr_Ccafe_ASembr_OOle_ha,,double,3416,44396,92.8553,2,3232.2043457,7315.78857422,0,90490
prodAgr_Ccafe_ASembr_OPer_ha,,double,18832,28980,60.6124,0,2079.1262207,4304.01367188,.25,67965.6171875
prodAgr_Ccafe_ASembr_ORai_ha,,double,17856,29956,62.6537,11,459.222381592,1049.46594238,0,21220
prodAgr_Ccafe_ASembr_OTrn_ha,,double,20609,27203,56.8958,1,1792.61694336,3933.97216797,0,128621.875
prodAgr_Ccafe_ASembr_OTrp_ha,,double,14655,33157,69.3487,0,920.826477051,2320.90673828,.209999993443,38103.4804688
prodAgr_Ccafe_ASembr_cltv_ha,,double,11071,36741,76.8447,0,1446.51867676,2083.0065918,.10000000149,20464.7890625
prodAgr_Ccafe_Produc_OCer_ton,,double,19145,28667,59.9578,21,4328.50488281,15984.6708984,0,431239.25
prodAgr_Ccafe_Produc_OFrt_ton,,double,18415,29397,61.4846,118,9756.76757813,34480.5351563,0,616894
prodAgr_Ccafe_Produc_OHor_ton,,double,13534,34278,71.6933,29,3101.84130859,9169.6328125,0,167960
prodAgr_Ccafe_Produc_OLeg_ton,,double,14520,33292,69.6311,38,342.365631104,965.667297363,0,26519.2207031
prodAgr_Ccafe_Produc_OMed_ton,,double,1884,45928,96.0596,100,161.094436646,400.890838623,0,5051
prodAgr_Ccafe_Produc_OOle_ton,,double,3416,44396,92.8553,209,8831.16015625,22194.2929688,0,274153.84375
prodAgr_Ccafe_Produc_OPer_ton,,double,18832,28980,60.6124,93,40609.28125,197149.8125,0,4795276.5
prodAgr_Ccafe_Produc_ORai_ton,,double,17856,29956,62.6537,66,6196.00390625,18641.8691406,0,476953
prodAgr_Ccafe_Produc_OTrn_ton,,double,20609,27203,56.8958,6,11827.8837891,26384.1914063,0,599412.0625
prodAgr_Ccafe_Produc_OTrp_ton,,double,14655,33157,69.3487,148,38070.0585938,219372.265625,0,4787029
prodAgr_Ccafe_Produc_cltv_ton,,double,11071,36741,76.8447,72,1244.45397949,1990.95605469,0,25835.5996094
prodAgr_Ccanna_ACosch_OCer_ha,,double,19145,28667,59.9578,21,1085.69799805,2973.85522461,0,75001.875
prodAgr_Ccanna_ACosch_OFrt_ha,,double,18415,29397,61.4846,118,767.767028809,1669.78222656,0,33972
prodAgr_Ccanna_ACosch_OHor_ha,,double,13534,34278,71.6933,29,136.574645996,307.589874268,0,5190
prodAgr_Ccanna_ACosch_OLeg_ha,,double,14520,33292,69.6311,38,192.163909912,457.164276123,0,10705
prodAgr_Ccanna_ACosch_OMed_ha,,double,1884,45928,96.0596,100,25.741350174,57.9121627808,0,622
prodAgr_Ccanna_ACosch_OOle_ha,,double,3416,44396,92.8553,209,2718.07714844,6624.10595703,0,90490
prodAgr_Ccanna_ACosch_OPer_ha,,double,18858,28954,60.5580,90,2073.50097656,3823.63452148,0,64293.25
prodAgr_Ccanna_ACosch_ORai_ha,,double,17856,29956,62.6537,66,416.029205322,985.024230957,0,20220
prodAgr_Ccanna_ACosch_OTrn_ha,,double,20609,27203,56.8958,6,1670.0526123,3830.46362305,0,128621.875
prodAgr_Ccanna_ACosch_OTrp_ha,,double,14931,32881,68.7714,205,1151.65710449,1822.35864258,0,18724
prodAgr_Ccanna_ACosch_cltv_ha,,double,11192,36620,76.5917,70,688.565063477,2129.72094727,0,34078
prodAgr_Ccanna_ASembr_OCer_ha,,double,19145,28667,59.9578,3,1156.4666748,3057.99047852,0,75001.875
prodAgr_Ccanna_ASembr_OFrt_ha,,double,18415,29397,61.4846,0,876.862182617,1824.71984863,.25,36989
prodAgr_Ccanna_ASembr_OHor_ha,,double,13534,34278,71.6933,2,147.865371704,325.240325928,0,5190
prodAgr_Ccanna_ASembr_OLeg_ha,,double,14520,33292,69.6311,1,207.739715576,486.557769775,0,11705
prodAgr_Ccanna_ASembr_OMed_ha,,double,1884,45928,96.0596,0,30.14412117,63.9853172302,.00474999984726,640
prodAgr_Ccanna_ASembr_OOle_ha,,double,3416,44396,92.8553,2,3232.2043457,7315.78857422,0,90490
prodAgr_Ccanna_ASembr_OPer_ha,,double,18858,28954,60.5580,0,2458.11010742,4415.40283203,.25,67538.2734375
prodAgr_Ccanna_ASembr_ORai_ha,,double,17856,29956,62.6537,11,459.222381592,1049.46594238,0,21220
prodAgr_Ccanna_ASembr_OTrn_ha,,double,20609,27203,56.8958,1,1792.61694336,3933.97216797,0,128621.875
prodAgr_Ccanna_ASembr_OTrp_ha,,double,14931,32881,68.7714,0,1386.08557129,2171.4128418,.10000000149,21360
prodAgr_Ccanna_ASembr_cltv_ha,,double,11192,36620,76.5917,0,787.480102539,2383.09448242,.180000007153,38095.9804688
prodAgr_Ccanna_Produc_OCer_ton,,double,19145,28667,59.9578,21,4328.50488281,15984.6708984,0,431239.25
prodAgr_Ccanna_Produc_OFrt_ton,,double,18415,29397,61.4846,118,9756.76757813,34480.5351563,0,616894
prodAgr_Ccanna_Produc_OHor_ton,,double,13534,34278,71.6933,29,3101.84130859,9169.6328125,0,167960
prodAgr_Ccanna_Produc_OLeg_ton,,double,14520,33292,69.6311,38,342.365631104,965.667297363,0,26519.2207031
prodAgr_Ccanna_Produc_OMed_ton,,double,1884,45928,96.0596,100,161.094436646,400.890838623,0,5051
prodAgr_Ccanna_Produc_OOle_ton,,double,3416,44396,92.8553,209,8831.16015625,22194.2929688,0,274153.84375
prodAgr_Ccanna_Produc_OPer_ton,,double,18858,28954,60.5580,90,11871.2744141,35988.4960938,0,629847.625
prodAgr_Ccanna_Produc_ORai_ton,,double,17856,29956,62.6537,66,6196.00390625,18641.8691406,0,476953
prodAgr_Ccanna_Produc_OTrn_ton,,double,20609,27203,56.8958,6,11827.8837891,26384.1914063,0,599412.0625
prodAgr_Ccanna_Produc_OTrp_ton,,double,14931,32881,68.7714,205,1140.6595459,1932.46362305,0,25870.3496094
prodAgr_Ccanna_Produc_cltv_ton,,double,11192,36620,76.5917,70,49558.8710938,249898.59375,0,4787020.5
prodAgr_Ccoco_ACosch_OCer_ha,,double,19145,28667,59.9578,21,1085.69799805,2973.85522461,0,75001.875
prodAgr_Ccoco_ACosch_OFrt_ha,,double,18411,29401,61.4929,118,750.243347168,1630.37231445,0,33965
prodAgr_Ccoco_ACosch_OHor_ha,,double,13534,34278,71.6933,29,136.574645996,307.589874268,0,5190
prodAgr_Ccoco_ACosch_OLeg_ha,,double,14520,33292,69.6311,38,192.163909912,457.164276123,0,10705
prodAgr_Ccoco_ACosch_OMed_ha,,double,1884,45928,96.0596,100,25.741350174,57.9121627808,0,622
prodAgr_Ccoco_ACosch_OOle_ha,,double,3416,44396,92.8553,209,2718.07714844,6624.10595703,0,90490
prodAgr_Ccoco_ACosch_OPer_ha,,double,18889,28923,60.4932,84,2460.83984375,4114.78320313,0,56878.25
prodAgr_Ccoco_ACosch_ORai_ha,,double,17856,29956,62.6537,66,416.029205322,985.024230957,0,20220
prodAgr_Ccoco_ACosch_OTrn_ha,,double,20609,27203,56.8958,6,1670.0526123,3830.46362305,0,128621.875
prodAgr_Ccoco_ACosch_OTrp_ha,,double,15629,32183,67.3116,126,1593.30810547,2571.49438477,0,34520.1796875
prodAgr_Ccoco_ACosch_cltv_ha,,double,1179,46633,97.5341,25,276.250305176,765.336975098,0,7822
prodAgr_Ccoco_ASembr_OCer_ha,,double,19145,28667,59.9578,3,1156.4666748,3057.99047852,0,75001.875
prodAgr_Ccoco_ASembr_OFrt_ha,,double,18411,29401,61.4929,0,856.537780762,1777.41186523,.25,36980
prodAgr_Ccoco_ASembr_OHor_ha,,double,13534,34278,71.6933,2,147.865371704,325.240325928,0,5190
prodAgr_Ccoco_ASembr_OLeg_ha,,double,14520,33292,69.6311,1,207.739715576,486.557769775,0,11705
prodAgr_Ccoco_ASembr_OMed_ha,,double,1884,45928,96.0596,0,30.14412117,63.9853172302,.00474999984726,640
prodAgr_Ccoco_ASembr_OOle_ha,,double,3416,44396,92.8553,2,3232.2043457,7315.78857422,0,90490
prodAgr_Ccoco_ASembr_OPer_ha,,double,18889,28923,60.4932,0,2900.6730957,4722.55029297,.25,59752.5195313
prodAgr_Ccoco_ASembr_ORai_ha,,double,17856,29956,62.6537,11,459.222381592,1049.46594238,0,21220
prodAgr_Ccoco_ASembr_OTrn_ha,,double,20609,27203,56.8958,1,1792.61694336,3933.97216797,0,128621.875
prodAgr_Ccoco_ASembr_OTrp_ha,,double,15629,32183,67.3116,0,1888.1003418,2969.67651367,.209999993443,38456.96875
prodAgr_Ccoco_ASembr_cltv_ha,,double,1179,46633,97.5341,0,320.355682373,866.844360352,.20000000298,8885
prodAgr_Ccoco_Produc_OCer_ton,,double,19145,28667,59.9578,21,4328.50488281,15984.6708984,0,431239.25
prodAgr_Ccoco_Produc_OFrt_ton,,double,18411,29401,61.4929,118,9636.16796875,34398.84375,0,616894
prodAgr_Ccoco_Produc_OHor_ton,,double,13534,34278,71.6933,29,3101.84130859,9169.6328125,0,167960
prodAgr_Ccoco_Produc_OLeg_ton,,double,14520,33292,69.6311,38,342.365631104,965.667297363,0,26519.2207031
prodAgr_Ccoco_Produc_OMed_ton,,double,1884,45928,96.0596,100,161.094436646,400.890838623,0,5051
prodAgr_Ccoco_Produc_OOle_ton,,double,3416,44396,92.8553,209,8831.16015625,22194.2929688,0,274153.84375
prodAgr_Ccoco_Produc_OPer_ton,,double,18889,28923,60.4932,84,41096.5117188,196893.921875,0,4795561
prodAgr_Ccoco_Produc_ORai_ton,,double,17856,29956,62.6537,66,6196.00390625,18641.8691406,0,476953
prodAgr_Ccoco_Produc_OTrn_ton,,double,20609,27203,56.8958,6,11827.8837891,26384.1914063,0,599412.0625
prodAgr_Ccoco_Produc_OTrp_ton,,double,15629,32183,67.3116,126,36579.0546875,212616.984375,0,4787313.5
prodAgr_Ccoco_Produc_cltv_ton,,double,1179,46633,97.5341,25,1916.35180664,5447.38476563,0,55325
prodAgr_Cfrijl_ACosch_OCer_ha,,double,19145,28667,59.9578,21,1085.69799805,2973.85522461,0,75001.875
prodAgr_Cfrijl_ACosch_OFrt_ha,,double,18415,29397,61.4846,118,767.767028809,1669.78222656,0,33972
prodAgr_Cfrijl_ACosch_OHor_ha,,double,13534,34278,71.6933,29,136.574645996,307.589874268,0,5190
prodAgr_Cfrijl_ACosch_OLeg_ha,,double,7922,39890,83.4309,22,91.1738967896,243.20715332,0,5605
prodAgr_Cfrijl_ACosch_OMed_ha,,double,1884,45928,96.0596,100,25.741350174,57.9121627808,0,622
prodAgr_Cfrijl_ACosch_OOle_ha,,double,3416,44396,92.8553,209,2718.07714844,6624.10595703,0,90490
prodAgr_Cfrijl_ACosch_OPer_ha,,double,18890,28922,60.4911,84,2477.95141602,4161.71826172,0,64700.25
prodAgr_Cfrijl_ACosch_ORai_ha,,double,17856,29956,62.6537,66,416.029205322,985.024230957,0,20220
prodAgr_Cfrijl_ACosch_OTrn_ha,,double,20568,27244,56.9815,6,1572.84008789,3803.21948242,0,128621.875
prodAgr_Cfrijl_ACosch_OTrp_ha,,double,15629,32183,67.3116,126,1593.30810547,2571.49438477,0,34520.1796875
prodAgr_Cfrijl_ACosch_cltv_ha,,double,12831,34981,73.1636,39,161.167510986,419.765716553,0,8150
prodAgr_Cfrijl_ASembr_OCer_ha,,double,19145,28667,59.9578,3,1156.4666748,3057.99047852,0,75001.875
prodAgr_Cfrijl_ASembr_OFrt_ha,,double,18415,29397,61.4846,0,876.862182617,1824.71984863,.25,36989
prodAgr_Cfrijl_ASembr_OHor_ha,,double,13534,34278,71.6933,2,147.865371704,325.240325928,0,5190
prodAgr_Cfrijl_ASembr_OLeg_ha,,double,7922,39890,83.4309,0,98.4694213867,259.271728516,.10000000149,6205
prodAgr_Cfrijl_ASembr_OMed_ha,,double,1884,45928,96.0596,0,30.14412117,63.9853172302,.00474999984726,640
prodAgr_Cfrijl_ASembr_OOle_ha,,double,3416,44396,92.8553,2,3232.2043457,7315.78857422,0,90490
prodAgr_Cfrijl_ASembr_OPer_ha,,double,18890,28922,60.4911,0,2920.5144043,4777.67871094,.25,67965.6171875
prodAgr_Cfrijl_ASembr_ORai_ha,,double,17856,29956,62.6537,11,459.222381592,1049.46594238,0,21220
prodAgr_Cfrijl_ASembr_OTrn_ha,,double,20568,27244,56.9815,1,1687.46289063,3903.89892578,0,128621.875
prodAgr_Cfrijl_ASembr_OTrp_ha,,double,15629,32183,67.3116,0,1888.1003418,2969.67651367,.209999993443,38456.96875
prodAgr_Cfrijl_ASembr_cltv_ha,,double,12831,34981,73.1636,2,174.289306641,443.897033691,0,8600
prodAgr_Cfrijl_Produc_OCer_ton,,double,19145,28667,59.9578,21,4328.50488281,15984.6708984,0,431239.25
prodAgr_Cfrijl_Produc_OFrt_ton,,double,18415,29397,61.4846,118,9756.76757813,34480.5351563,0,616894
prodAgr_Cfrijl_Produc_OHor_ton,,double,13534,34278,71.6933,29,3101.84130859,9169.6328125,0,167960
prodAgr_Cfrijl_Produc_OLeg_ton,,double,7922,39890,83.4309,22,287.834777832,950.141479492,0,26458.4199219
prodAgr_Cfrijl_Produc_OMed_ton,,double,1884,45928,96.0596,100,161.094436646,400.890838623,0,5051
prodAgr_Cfrijl_Produc_OOle_ton,,double,3416,44396,92.8553,209,8831.16015625,22194.2929688,0,274153.84375
prodAgr_Cfrijl_Produc_OPer_ton,,double,18890,28922,60.4911,84,41213.9414063,196893.3125,0,4795561
prodAgr_Cfrijl_Produc_ORai_ton,,double,17856,29956,62.6537,66,6196.00390625,18641.8691406,0,476953
prodAgr_Cfrijl_Produc_OTrn_ton,,double,20568,27244,56.9815,6,11720.6308594,26368.2050781,0,599412.0625
prodAgr_Cfrijl_Produc_OTrp_ton,,double,15629,32183,67.3116,126,36579.0546875,212616.984375,0,4787313.5
prodAgr_Cfrijl_Produc_cltv_ton,,double,12831,34981,73.1636,39,209.720352173,641.561035156,0,15826.2998047
prodAgr_Chbchl_ACosch_OCer_ha,,double,19145,28667,59.9578,21,1085.69799805,2973.85522461,0,75001.875
prodAgr_Chbchl_ACosch_OFrt_ha,,double,18415,29397,61.4846,118,767.767028809,1669.78222656,0,33972
prodAgr_Chbchl_ACosch_OHor_ha,,double,13534,34278,71.6933,29,136.574645996,307.589874268,0,5190
prodAgr_Chbchl_ACosch_OLeg_ha,,double,14287,33525,70.1184,38,187.097167969,454.344177246,0,10705
prodAgr_Chbchl_ACosch_OMed_ha,,double,1884,45928,96.0596,100,25.741350174,57.9121627808,0,622
prodAgr_Chbchl_ACosch_OOle_ha,,double,3416,44396,92.8553,209,2718.07714844,6624.10595703,0,90490
prodAgr_Chbchl_ACosch_OPer_ha,,double,18890,28922,60.4911,84,2477.95141602,4161.71826172,0,64700.25
prodAgr_Chbchl_ACosch_ORai_ha,,double,17856,29956,62.6537,66,416.029205322,985.024230957,0,20220
prodAgr_Chbchl_ACosch_OTrn_ha,,double,20609,27203,56.8958,6,1664.36755371,3829.92114258,0,128621.875
prodAgr_Chbchl_ACosch_OTrp_ha,,double,15629,32183,67.3116,126,1593.30810547,2571.49438477,0,34520.1796875
prodAgr_Chbchl_ACosch_cltv_ha,,double,3223,44589,93.2590,2,36.3520584106,84.8193511963,0,1320
prodAgr_Chbchl_ASembr_OCer_ha,,double,19145,28667,59.9578,3,1156.4666748,3057.99047852,0,75001.875
prodAgr_Chbchl_ASembr_OFrt_ha,,double,18415,29397,61.4846,0,876.862182617,1824.71984863,.25,36989
prodAgr_Chbchl_ASembr_OHor_ha,,double,13534,34278,71.6933,2,147.865371704,325.240325928,0,5190
prodAgr_Chbchl_ASembr_OLeg_ha,,double,14287,33525,70.1184,1,202.360031128,483.556854248,0,11705
prodAgr_Chbchl_ASembr_OMed_ha,,double,1884,45928,96.0596,0,30.14412117,63.9853172302,.00474999984726,640
prodAgr_Chbchl_ASembr_OOle_ha,,double,3416,44396,92.8553,2,3232.2043457,7315.78857422,0,90490
prodAgr_Chbchl_ASembr_OPer_ha,,double,18890,28922,60.4911,0,2920.5144043,4777.67871094,.25,67965.6171875
prodAgr_Chbchl_ASembr_ORai_ha,,double,17856,29956,62.6537,11,459.222381592,1049.46594238,0,21220
prodAgr_Chbchl_ASembr_OTrn_ha,,double,20609,27203,56.8958,1,1786.53894043,3933.39990234,0,128621.875
prodAgr_Chbchl_ASembr_OTrp_ha,,double,15629,32183,67.3116,0,1888.1003418,2969.67651367,.209999993443,38456.96875
prodAgr_Chbchl_ASembr_cltv_ha,,double,3223,44589,93.2590,0,38.8653182983,90.1623458862,.10000000149,1331.40002441
prodAgr_Chbchl_Produc_OCer_ton,,double,19145,28667,59.9578,21,4328.50488281,15984.6708984,0,431239.25
prodAgr_Chbchl_Produc_OFrt_ton,,double,18415,29397,61.4846,118,9756.76757813,34480.5351563,0,616894
prodAgr_Chbchl_Produc_OHor_ton,,double,13534,34278,71.6933,29,3101.84130859,9169.6328125,0,167960
prodAgr_Chbchl_Produc_OLeg_ton,,double,14287,33525,70.1184,38,279.042449951,862.867919922,0,26519.2207031
prodAgr_Chbchl_Produc_OMed_ton,,double,1884,45928,96.0596,100,161.094436646,400.890838623,0,5051
prodAgr_Chbchl_Produc_OOle_ton,,double,3416,44396,92.8553,209,8831.16015625,22194.2929688,0,274153.84375
prodAgr_Chbchl_Produc_OPer_ton,,double,18890,28922,60.4911,84,41213.9414063,196893.3125,0,4795561
prodAgr_Chbchl_Produc_ORai_ton,,double,17856,29956,62.6537,66,6196.00390625,18641.8691406,0,476953
prodAgr_Chbchl_Produc_OTrn_ton,,double,20609,27203,56.8958,6,11780.1152344,26376.6445313,0,599412.0625
prodAgr_Chbchl_Produc_OTrp_ton,,double,15629,32183,67.3116,126,36579.0546875,212616.984375,0,4787313.5
prodAgr_Chbchl_Produc_cltv_ton,,double,3223,44589,93.2590,2,305.451293945,830.822021484,0,14448
prodAgr_Climon_ACosch_OCer_ha,,double,19145,28667,59.9578,21,1085.69799805,2973.85522461,0,75001.875
prodAgr_Climon_ACosch_OFrt_ha,,double,18396,29416,61.5243,118,752.454162598,1655.58581543,0,33967
prodAgr_Climon_ACosch_OHor_ha,,double,13534,34278,71.6933,29,136.574645996,307.589874268,0,5190
prodAgr_Climon_ACosch_OLeg_ha,,double,14520,33292,69.6311,38,192.163909912,457.164276123,0,10705
prodAgr_Climon_ACosch_OMed_ha,,double,1884,45928,96.0596,100,25.741350174,57.9121627808,0,622
prodAgr_Climon_ACosch_OOle_ha,,double,3416,44396,92.8553,209,2718.07714844,6624.10595703,0,90490
prodAgr_Climon_ACosch_OPer_ha,,double,18882,28930,60.5078,86,2463.31005859,4155.72021484,0,64696
prodAgr_Climon_ACosch_ORai_ha,,double,17856,29956,62.6537,66,416.029205322,985.024230957,0,20220
prodAgr_Climon_ACosch_OTrn_ha,,double,20609,27203,56.8958,6,1670.0526123,3830.46362305,0,128621.875
prodAgr_Climon_ACosch_OTrp_ha,,double,15629,32183,67.3116,126,1593.30810547,2571.49438477,0,34520.1796875
prodAgr_Climon_ACosch_cltv_ha,,double,4103,43709,91.4185,250,72.2113418579,218.749038696,0,4144
prodAgr_Climon_ASembr_OCer_ha,,double,19145,28667,59.9578,3,1156.4666748,3057.99047852,0,75001.875
prodAgr_Climon_ASembr_OFrt_ha,,double,18396,29416,61.5243,0,858.411437988,1807.71643066,.25,36978
prodAgr_Climon_ASembr_OHor_ha,,double,13534,34278,71.6933,2,147.865371704,325.240325928,0,5190
prodAgr_Climon_ASembr_OLeg_ha,,double,14520,33292,69.6311,1,207.739715576,486.557769775,0,11705
prodAgr_Climon_ASembr_OMed_ha,,double,1884,45928,96.0596,0,30.14412117,63.9853172302,.00474999984726,640
prodAgr_Climon_ASembr_OOle_ha,,double,3416,44396,92.8553,2,3232.2043457,7315.78857422,0,90490
prodAgr_Climon_ASembr_OPer_ha,,double,18882,28930,60.5078,0,2902.89355469,4771.50634766,.25,67368.078125
prodAgr_Climon_ASembr_ORai_ha,,double,17856,29956,62.6537,11,459.222381592,1049.46594238,0,21220
prodAgr_Climon_ASembr_OTrn_ha,,double,20609,27203,56.8958,1,1792.61694336,3933.97216797,0,128621.875
prodAgr_Climon_ASembr_OTrp_ha,,double,15629,32183,67.3116,0,1888.1003418,2969.67651367,.209999993443,38456.96875
prodAgr_Climon_ASembr_cltv_ha,,double,4103,43709,91.4185,0,86.7852401733,250.156188965,.00999999977648,4444
prodAgr_Climon_Produc_OCer_ton,,double,19145,28667,59.9578,21,4328.50488281,15984.6708984,0,431239.25
prodAgr_Climon_Produc_OFrt_ton,,double,18396,29416,61.5243,118,9564.33105469,34217.5195313,0,616894
prodAgr_Climon_Produc_OHor_ton,,double,13534,34278,71.6933,29,3101.84130859,9169.6328125,0,167960
prodAgr_Climon_Produc_OLeg_ton,,double,14520,33292,69.6311,38,342.365631104,965.667297363,0,26519.2207031
prodAgr_Climon_Produc_OMed_ton,,double,1884,45928,96.0596,100,161.094436646,400.890838623,0,5051
prodAgr_Climon_Produc_OOle_ton,,double,3416,44396,92.8553,209,8831.16015625,22194.2929688,0,274153.84375
prodAgr_Climon_Produc_OPer_ton,,double,18882,28930,60.5078,86,41034.1015625,196893.984375,0,4795473.5
prodAgr_Climon_Produc_ORai_ton,,double,17856,29956,62.6537,66,6196.00390625,18641.8691406,0,476953
prodAgr_Climon_Produc_OTrn_ton,,double,20609,27203,56.8958,6,11827.8837891,26384.1914063,0,599412.0625
prodAgr_Climon_Produc_OTrp_ton,,double,15629,32183,67.3116,126,36579.0546875,212616.984375,0,4787313.5
prodAgr_Climon_Produc_cltv_ton,,double,4103,43709,91.4185,250,907.980957031,3438.67797852,0,58960
prodAgr_Clulo_ACosch_OCer_ha,,double,19145,28667,59.9578,21,1085.69799805,2973.85522461,0,75001.875
prodAgr_Clulo_ACosch_OFrt_ha,,double,18384,29428,61.5494,121,761.109191895,1665.98278809,0,33972
prodAgr_Clulo_ACosch_OHor_ha,,double,13534,34278,71.6933,29,136.574645996,307.589874268,0,5190
prodAgr_Clulo_ACosch_OLeg_ha,,double,14520,33292,69.6311,38,192.163909912,457.164276123,0,10705
prodAgr_Clulo_ACosch_OMed_ha,,double,1884,45928,96.0596,100,25.741350174,57.9121627808,0,622
prodAgr_Clulo_ACosch_OOle_ha,,double,3416,44396,92.8553,209,2718.07714844,6624.10595703,0,90490
prodAgr_Clulo_ACosch_OPer_ha,,double,18882,28930,60.5078,82,2471.25854492,4156.36914063,0,64700.25
prodAgr_Clulo_ACosch_ORai_ha,,double,17856,29956,62.6537,66,416.029205322,985.024230957,0,20220
prodAgr_Clulo_ACosch_OTrn_ha,,double,20609,27203,56.8958,6,1670.0526123,3830.46362305,0,128621.875
prodAgr_Clulo_ACosch_OTrp_ha,,double,15629,32183,67.3116,126,1593.30810547,2571.49438477,0,34520.1796875
prodAgr_Clulo_ACosch_cltv_ha,,double,5045,42767,89.4483,172,28.9789447784,50.2679710388,0,857
prodAgr_Clulo_ASembr_OCer_ha,,double,19145,28667,59.9578,3,1156.4666748,3057.99047852,0,75001.875
prodAgr_Clulo_ASembr_OFrt_ha,,double,18384,29428,61.5494,0,868.499145508,1819.89953613,.25,36989
prodAgr_Clulo_ASembr_OHor_ha,,double,13534,34278,71.6933,2,147.865371704,325.240325928,0,5190
prodAgr_Clulo_ASembr_OLeg_ha,,double,14520,33292,69.6311,1,207.739715576,486.557769775,0,11705
prodAgr_Clulo_ASembr_OMed_ha,,double,1884,45928,96.0596,0,30.14412117,63.9853172302,.00474999984726,640
prodAgr_Clulo_ASembr_OOle_ha,,double,3416,44396,92.8553,2,3232.2043457,7315.78857422,0,90490
prodAgr_Clulo_ASembr_OPer_ha,,double,18882,28930,60.5078,0,2912.16967773,4771.06494141,.25,67965.6171875
prodAgr_Clulo_ASembr_ORai_ha,,double,17856,29956,62.6537,11,459.222381592,1049.46594238,0,21220
prodAgr_Clulo_ASembr_OTrn_ha,,double,20609,27203,56.8958,1,1792.61694336,3933.97216797,0,128621.875
prodAgr_Clulo_ASembr_OTrp_ha,,double,15629,32183,67.3116,0,1888.1003418,2969.67651367,.209999993443,38456.96875
prodAgr_Clulo_ASembr_cltv_ha,,double,5045,42767,89.4483,0,35.8628692627,58.5827903748,.10000000149,934
prodAgr_Clulo_Produc_OCer_ton,,double,19145,28667,59.9578,21,4328.50488281,15984.6708984,0,431239.25
prodAgr_Clulo_Produc_OFrt_ton,,double,18384,29428,61.5494,121,9698.29296875,34485.5976563,0,616894
prodAgr_Clulo_Produc_OHor_ton,,double,13534,34278,71.6933,29,3101.84130859,9169.6328125,0,167960
prodAgr_Clulo_Produc_OLeg_ton,,double,14520,33292,69.6311,38,342.365631104,965.667297363,0,26519.2207031
prodAgr_Clulo_Produc_OMed_ton,,double,1884,45928,96.0596,100,161.094436646,400.890838623,0,5051
prodAgr_Clulo_Produc_OOle_ton,,double,3416,44396,92.8553,209,8831.16015625,22194.2929688,0,274153.84375
prodAgr_Clulo_Produc_OPer_ton,,double,18882,28930,60.5078,82,41158.453125,196923.453125,0,4795470
prodAgr_Clulo_Produc_ORai_ton,,double,17856,29956,62.6537,66,6196.00390625,18641.8691406,0,476953
prodAgr_Clulo_Produc_OTrn_ton,,double,20609,27203,56.8958,6,11827.8837891,26384.1914063,0,599412.0625
prodAgr_Clulo_Produc_OTrp_ton,,double,15629,32183,67.3116,126,36579.0546875,212616.984375,0,4787313.5
prodAgr_Clulo_Produc_cltv_ton,,double,5045,42767,89.4483,172,273.033081055,533.446533203,0,10284
prodAgr_Cmaiz_ACosch_OCer_ha,,double,7519,40293,84.2738,24,1443.80810547,3430.21655273,0,41300
prodAgr_Cmaiz_ACosch_OFrt_ha,,double,18415,29397,61.4846,118,767.767028809,1669.78222656,0,33972
prodAgr_Cmaiz_ACosch_OHor_ha,,double,13534,34278,71.6933,29,136.574645996,307.589874268,0,5190
prodAgr_Cmaiz_ACosch_OLeg_ha,,double,14520,33292,69.6311,38,192.163909912,457.164276123,0,10705
prodAgr_Cmaiz_ACosch_OMed_ha,,double,1884,45928,96.0596,100,25.741350174,57.9121627808,0,622
prodAgr_Cmaiz_ACosch_OOle_ha,,double,3416,44396,92.8553,209,2718.07714844,6624.10595703,0,90490
prodAgr_Cmaiz_ACosch_OPer_ha,,double,18890,28922,60.4911,84,2477.95141602,4161.71826172,0,64700.25
prodAgr_Cmaiz_ACosch_ORai_ha,,double,17856,29956,62.6537,66,416.029205322,985.024230957,0,20220
prodAgr_Cmaiz_ACosch_OTrn_ha,,double,20340,27472,57.4584,15,1203.95373535,2874.96948242,0,66416
prodAgr_Cmaiz_ACosch_OTrp_ha,,double,15629,32183,67.3116,126,1593.30810547,2571.49438477,0,34520.1796875
prodAgr_Cmaiz_ACosch_cltv_ha,,double,18697,29115,60.8948,30,531.084960938,1538.26721191,0,64400
prodAgr_Cmaiz_ASembr_OCer_ha,,double,7519,40293,84.2738,4,1497.73693848,3498.86352539,0,41100
prodAgr_Cmaiz_ASembr_OFrt_ha,,double,18415,29397,61.4846,0,876.862182617,1824.71984863,.25,36989
prodAgr_Cmaiz_ASembr_OHor_ha,,double,13534,34278,71.6933,2,147.865371704,325.240325928,0,5190
prodAgr_Cmaiz_ASembr_OLeg_ha,,double,14520,33292,69.6311,1,207.739715576,486.557769775,0,11705
prodAgr_Cmaiz_ASembr_OMed_ha,,double,1884,45928,96.0596,0,30.14412117,63.9853172302,.00474999984726,640
prodAgr_Cmaiz_ASembr_OOle_ha,,double,3416,44396,92.8553,2,3232.2043457,7315.78857422,0,90490
prodAgr_Cmaiz_ASembr_OPer_ha,,double,18890,28922,60.4911,0,2920.5144043,4777.67871094,.25,67965.6171875
prodAgr_Cmaiz_ASembr_ORai_ha,,double,17856,29956,62.6537,11,459.222381592,1049.46594238,0,21220
prodAgr_Cmaiz_ASembr_OTrn_ha,,double,20340,27472,57.4584,2,1281.46374512,2929.78930664,0,66516
prodAgr_Cmaiz_ASembr_OTrp_ha,,double,15629,32183,67.3116,0,1888.1003418,2969.67651367,.209999993443,38456.96875
prodAgr_Cmaiz_ASembr_cltv_ha,,double,18697,29115,60.8948,4,581.861816406,1605.87121582,0,64400
prodAgr_Cmaiz_Produc_OCer_ton,,double,7519,40293,84.2738,24,7483.32324219,19698.2695313,0,253750
prodAgr_Cmaiz_Produc_OFrt_ton,,double,18415,29397,61.4846,118,9756.76757813,34480.5351563,0,616894
prodAgr_Cmaiz_Produc_OHor_ton,,double,13534,34278,71.6933,29,3101.84130859,9169.6328125,0,167960
prodAgr_Cmaiz_Produc_OLeg_ton,,double,14520,33292,69.6311,38,342.365631104,965.667297363,0,26519.2207031
prodAgr_Cmaiz_Produc_OMed_ton,,double,1884,45928,96.0596,100,161.094436646,400.890838623,0,5051
prodAgr_Cmaiz_Produc_OOle_ton,,double,3416,44396,92.8553,209,8831.16015625,22194.2929688,0,274153.84375
prodAgr_Cmaiz_Produc_OPer_ton,,double,18890,28922,60.4911,84,41213.9414063,196893.3125,0,4795561
prodAgr_Cmaiz_Produc_ORai_ton,,double,17856,29956,62.6537,66,6196.00390625,18641.8691406,0,476953
prodAgr_Cmaiz_Produc_OTrn_ton,,double,20340,27472,57.4584,15,10676.4375,23944.3671875,0,482107
prodAgr_Cmaiz_Produc_OTrp_ton,,double,15629,32183,67.3116,126,36579.0546875,212616.984375,0,4787313.5
prodAgr_Cmaiz_Produc_cltv_ton,,double,18697,29115,60.8948,30,1422.80151367,7410.68652344,0,392282.4375
prodAgr_Cmango_ACosch_OCer_ha,,double,19145,28667,59.9578,21,1085.69799805,2973.85522461,0,75001.875
prodAgr_Cmango_ACosch_OFrt_ha,,double,18322,29490,61.6791,130,745.297119141,1657.55969238,0,33892
prodAgr_Cmango_ACosch_OHor_ha,,double,13534,34278,71.6933,29,136.574645996,307.589874268,0,5190
prodAgr_Cmango_ACosch_OLeg_ha,,double,14520,33292,69.6311,38,192.163909912,457.164276123,0,10705
prodAgr_Cmango_ACosch_OMed_ha,,double,1884,45928,96.0596,100,25.741350174,57.9121627808,0,622
prodAgr_Cmango_ACosch_OOle_ha,,double,3416,44396,92.8553,209,2718.07714844,6624.10595703,0,90490
prodAgr_Cmango_ACosch_OPer_ha,,double,18830,28982,60.6166,94,2460.19165039,4158.66064453,0,64497.25
prodAgr_Cmango_ACosch_ORai_ha,,double,17856,29956,62.6537,66,416.029205322,985.024230957,0,20220
prodAgr_Cmango_ACosch_OTrn_ha,,double,20609,27203,56.8958,6,1670.0526123,3830.46362305,0,128621.875
prodAgr_Cmango_ACosch_OTrp_ha,,double,15629,32183,67.3116,126,1593.30810547,2571.49438477,0,34520.1796875
prodAgr_Cmango_ACosch_cltv_ha,,double,3774,44038,92.1066,198,128.00642395,339.227142334,0,3753
prodAgr_Cmango_ASembr_OCer_ha,,double,19145,28667,59.9578,3,1156.4666748,3057.99047852,0,75001.875
prodAgr_Cmango_ASembr_OFrt_ha,,double,18322,29490,61.6791,0,850.33013916,1810.16162109,.25,36742
prodAgr_Cmango_ASembr_OHor_ha,,double,13534,34278,71.6933,2,147.865371704,325.240325928,0,5190
prodAgr_Cmango_ASembr_OLeg_ha,,double,14520,33292,69.6311,1,207.739715576,486.557769775,0,11705
prodAgr_Cmango_ASembr_OMed_ha,,double,1884,45928,96.0596,0,30.14412117,63.9853172302,.00474999984726,640
prodAgr_Cmango_ASembr_OOle_ha,,double,3416,44396,92.8553,2,3232.2043457,7315.78857422,0,90490
prodAgr_Cmango_ASembr_OPer_ha,,double,18830,28982,60.6166,0,2899.67333984,4775.13232422,.25,67752.46875
prodAgr_Cmango_ASembr_ORai_ha,,double,17856,29956,62.6537,11,459.222381592,1049.46594238,0,21220
prodAgr_Cmango_ASembr_OTrn_ha,,double,20609,27203,56.8958,1,1792.61694336,3933.97216797,0,128621.875
prodAgr_Cmango_ASembr_OTrp_ha,,double,15629,32183,67.3116,0,1888.1003418,2969.67651367,.209999993443,38456.96875
prodAgr_Cmango_ASembr_cltv_ha,,double,3774,44038,92.1066,0,150.415481567,381.497161865,.0364999994636,7080
prodAgr_Cmango_Produc_OCer_ton,,double,19145,28667,59.9578,21,4328.50488281,15984.6708984,0,431239.25
prodAgr_Cmango_Produc_OFrt_ton,,double,18322,29490,61.6791,130,9523.49414063,34452.078125,0,615794
prodAgr_Cmango_Produc_OHor_ton,,double,13534,34278,71.6933,29,3101.84130859,9169.6328125,0,167960
prodAgr_Cmango_Produc_OLeg_ton,,double,14520,33292,69.6311,38,342.365631104,965.667297363,0,26519.2207031
prodAgr_Cmango_Produc_OMed_ton,,double,1884,45928,96.0596,100,161.094436646,400.890838623,0,5051
prodAgr_Cmango_Produc_OOle_ton,,double,3416,44396,92.8553,209,8831.16015625,22194.2929688,0,274153.84375
prodAgr_Cmango_Produc_OPer_ton,,double,18830,28982,60.6166,94,41070.0976563,197203.578125,0,4795561
prodAgr_Cmango_Produc_ORai_ton,,double,17856,29956,62.6537,66,6196.00390625,18641.8691406,0,476953
prodAgr_Cmango_Produc_OTrn_ton,,double,20609,27203,56.8958,6,11827.8837891,26384.1914063,0,599412.0625
prodAgr_Cmango_Produc_OTrp_ton,,double,15629,32183,67.3116,126,36579.0546875,212616.984375,0,4787313.5
prodAgr_Cmango_Produc_cltv_ton,,double,3774,44038,92.1066,198,1372.92163086,3792.9855957,0,58375
prodAgr_Cmora_ACosch_OCer_ha,,double,19145,28667,59.9578,21,1085.69799805,2973.85522461,0,75001.875
prodAgr_Cmora_ACosch_OFrt_ha,,double,18308,29504,61.7084,126,759.025939941,1671.59020996,0,33972
prodAgr_Cmora_ACosch_OHor_ha,,double,13534,34278,71.6933,29,136.574645996,307.589874268,0,5190
prodAgr_Cmora_ACosch_OLeg_ha,,double,14520,33292,69.6311,38,192.163909912,457.164276123,0,10705
prodAgr_Cmora_ACosch_OMed_ha,,double,1884,45928,96.0596,100,25.741350174,57.9121627808,0,622
prodAgr_Cmora_ACosch_OOle_ha,,double,3416,44396,92.8553,209,2718.07714844,6624.10595703,0,90490
prodAgr_Cmora_ACosch_OPer_ha,,double,18855,28957,60.5643,85,2469.70678711,4162.60595703,0,64700.25
prodAgr_Cmora_ACosch_ORai_ha,,double,17856,29956,62.6537,66,416.029205322,985.024230957,0,20220
prodAgr_Cmora_ACosch_OTrn_ha,,double,20609,27203,56.8958,6,1670.0526123,3830.46362305,0,128621.875
prodAgr_Cmora_ACosch_OTrp_ha,,double,15629,32183,67.3116,126,1593.30810547,2571.49438477,0,34520.1796875
prodAgr_Cmora_ACosch_cltv_ha,,double,5026,42786,89.4880,83,48.1860694885,121.956069946,0,2330
prodAgr_Cmora_ASembr_OCer_ha,,double,19145,28667,59.9578,3,1156.4666748,3057.99047852,0,75001.875
prodAgr_Cmora_ASembr_OFrt_ha,,double,18308,29504,61.7084,0,867.03515625,1826.47192383,.25,36989
prodAgr_Cmora_ASembr_OHor_ha,,double,13534,34278,71.6933,2,147.865371704,325.240325928,0,5190
prodAgr_Cmora_ASembr_OLeg_ha,,double,14520,33292,69.6311,1,207.739715576,486.557769775,0,11705
prodAgr_Cmora_ASembr_OMed_ha,,double,1884,45928,96.0596,0,30.14412117,63.9853172302,.00474999984726,640
prodAgr_Cmora_ASembr_OOle_ha,,double,3416,44396,92.8553,2,3232.2043457,7315.78857422,0,90490
prodAgr_Cmora_ASembr_OPer_ha,,double,18855,28957,60.5643,0,2911.41748047,4778.55859375,.25,67965.6171875
prodAgr_Cmora_ASembr_ORai_ha,,double,17856,29956,62.6537,11,459.222381592,1049.46594238,0,21220
prodAgr_Cmora_ASembr_OTrn_ha,,double,20609,27203,56.8958,1,1792.61694336,3933.97216797,0,128621.875
prodAgr_Cmora_ASembr_OTrp_ha,,double,15629,32183,67.3116,0,1888.1003418,2969.67651367,.209999993443,38456.96875
prodAgr_Cmora_ASembr_cltv_ha,,double,5026,42786,89.4880,0,54.4642028809,133.330657959,.10000000149,2465
prodAgr_Cmora_Produc_OCer_ton,,double,19145,28667,59.9578,21,4328.50488281,15984.6708984,0,431239.25
prodAgr_Cmora_Produc_OFrt_ton,,double,18308,29504,61.7084,126,9691.71777344,34556.0390625,0,616894
prodAgr_Cmora_Produc_OHor_ton,,double,13534,34278,71.6933,29,3101.84130859,9169.6328125,0,167960
prodAgr_Cmora_Produc_OLeg_ton,,double,14520,33292,69.6311,38,342.365631104,965.667297363,0,26519.2207031
prodAgr_Cmora_Produc_OMed_ton,,double,1884,45928,96.0596,100,161.094436646,400.890838623,0,5051
prodAgr_Cmora_Produc_OOle_ton,,double,3416,44396,92.8553,209,8831.16015625,22194.2929688,0,274153.84375
prodAgr_Cmora_Produc_OPer_ton,,double,18855,28957,60.5643,85,41171.9140625,197068.734375,0,4795551.5
prodAgr_Cmora_Produc_ORai_ton,,double,17856,29956,62.6537,66,6196.00390625,18641.8691406,0,476953
prodAgr_Cmora_Produc_OTrn_ton,,double,20609,27203,56.8958,6,11827.8837891,26384.1914063,0,599412.0625
prodAgr_Cmora_Produc_OTrp_ton,,double,15629,32183,67.3116,126,36579.0546875,212616.984375,0,4787313.5
prodAgr_Cmora_Produc_cltv_ton,,double,5026,42786,89.4880,83,444.670135498,1547.1895752,0,41490
prodAgr_Cnname_ACosch_OCer_ha,,double,19145,28667,59.9578,21,1085.69799805,2973.85522461,0,75001.875
prodAgr_Cnname_ACosch_OFrt_ha,,double,18415,29397,61.4846,118,767.767028809,1669.78222656,0,33972
prodAgr_Cnname_ACosch_OHor_ha,,double,13534,34278,71.6933,29,136.574645996,307.589874268,0,5190
prodAgr_Cnname_ACosch_OLeg_ha,,double,14520,33292,69.6311,38,192.163909912,457.164276123,0,10705
prodAgr_Cnname_ACosch_OMed_ha,,double,1884,45928,96.0596,100,25.741350174,57.9121627808,0,622
prodAgr_Cnname_ACosch_OOle_ha,,double,3416,44396,92.8553,209,2718.07714844,6624.10595703,0,90490
prodAgr_Cnname_ACosch_OPer_ha,,double,18890,28922,60.4911,84,2477.95141602,4161.71826172,0,64700.25
prodAgr_Cnname_ACosch_ORai_ha,,double,17855,29957,62.6558,69,383.300018311,889.301513672,0,20220
prodAgr_Cnname_ACosch_OTrn_ha,,double,20609,27203,56.8958,6,1641.67687988,3785.88085938,0,128621.875
prodAgr_Cnname_ACosch_OTrp_ha,,double,15629,32183,67.3116,126,1593.30810547,2571.49438477,0,34520.1796875
prodAgr_Cnname_ACosch_cltv_ha,,double,2074,45738,95.6622,20,281.965301514,679.330200195,0,8000
prodAgr_Cnname_ASembr_OCer_ha,,double,19145,28667,59.9578,3,1156.4666748,3057.99047852,0,75001.875
prodAgr_Cnname_ASembr_OFrt_ha,,double,18415,29397,61.4846,0,876.862182617,1824.71984863,.25,36989
prodAgr_Cnname_ASembr_OHor_ha,,double,13534,34278,71.6933,2,147.865371704,325.240325928,0,5190
prodAgr_Cnname_ASembr_OLeg_ha,,double,14520,33292,69.6311,1,207.739715576,486.557769775,0,11705
prodAgr_Cnname_ASembr_OMed_ha,,double,1884,45928,96.0596,0,30.14412117,63.9853172302,.00474999984726,640
prodAgr_Cnname_ASembr_OOle_ha,,double,3416,44396,92.8553,2,3232.2043457,7315.78857422,0,90490
prodAgr_Cnname_ASembr_OPer_ha,,double,18890,28922,60.4911,0,2920.5144043,4777.67871094,.25,67965.6171875
prodAgr_Cnname_ASembr_ORai_ha,,double,17855,29957,62.6558,11,422.324127197,940.448791504,0,21220
prodAgr_Cnname_ASembr_OTrn_ha,,double,20609,27203,56.8958,1,1760.62719727,3882.00097656,0,128621.875
prodAgr_Cnname_ASembr_OTrp_ha,,double,15629,32183,67.3116,0,1888.1003418,2969.67651367,.209999993443,38456.96875
prodAgr_Cnname_ASembr_cltv_ha,,double,2074,45738,95.6622,4,317.877288818,738.463500977,0,9400
prodAgr_Cnname_Produc_OCer_ton,,double,19145,28667,59.9578,21,4328.50488281,15984.6708984,0,431239.25
prodAgr_Cnname_Produc_OFrt_ton,,double,18415,29397,61.4846,118,9756.76757813,34480.5351563,0,616894
prodAgr_Cnname_Produc_OHor_ton,,double,13534,34278,71.6933,29,3101.84130859,9169.6328125,0,167960
prodAgr_Cnname_Produc_OLeg_ton,,double,14520,33292,69.6311,38,342.365631104,965.667297363,0,26519.2207031
prodAgr_Cnname_Produc_OMed_ton,,double,1884,45928,96.0596,100,161.094436646,400.890838623,0,5051
prodAgr_Cnname_Produc_OOle_ton,,double,3416,44396,92.8553,209,8831.16015625,22194.2929688,0,274153.84375
prodAgr_Cnname_Produc_OPer_ton,,double,18890,28922,60.4911,84,41213.9414063,196893.3125,0,4795561
prodAgr_Cnname_Produc_ORai_ton,,double,17855,29957,62.6558,69,5823.70068359,17989.5703125,0,476953
prodAgr_Cnname_Produc_OTrn_ton,,double,20609,27203,56.8958,6,11505.03125,25908.8261719,0,599412.0625
prodAgr_Cnname_Produc_OTrp_ton,,double,15629,32183,67.3116,126,36579.0546875,212616.984375,0,4787313.5
prodAgr_Cnname_Produc_cltv_ton,,double,2074,45738,95.6622,20,3208.13256836,8132.90527344,0,82000
prodAgr_Cnrnja_ACosch_OCer_ha,,double,19145,28667,59.9578,21,1085.69799805,2973.85522461,0,75001.875
prodAgr_Cnrnja_ACosch_OFrt_ha,,double,18337,29475,61.6477,123,747.596618652,1650.17602539,0,33972
prodAgr_Cnrnja_ACosch_OHor_ha,,double,13534,34278,71.6933,29,136.574645996,307.589874268,0,5190
prodAgr_Cnrnja_ACosch_OLeg_ha,,double,14520,33292,69.6311,38,192.163909912,457.164276123,0,10705
prodAgr_Cnrnja_ACosch_OMed_ha,,double,1884,45928,96.0596,100,25.741350174,57.9121627808,0,622
prodAgr_Cnrnja_ACosch_OOle_ha,,double,3416,44396,92.8553,209,2718.07714844,6624.10595703,0,90490
prodAgr_Cnrnja_ACosch_OPer_ha,,double,18864,28948,60.5455,95,2458.58520508,4145.74267578,0,64696
prodAgr_Cnrnja_ACosch_ORai_ha,,double,17856,29956,62.6537,66,416.029205322,985.024230957,0,20220
prodAgr_Cnrnja_ACosch_OTrn_ha,,double,20609,27203,56.8958,6,1670.0526123,3830.46362305,0,128621.875
prodAgr_Cnrnja_ACosch_OTrp_ha,,double,15629,32183,67.3116,126,1593.30810547,2571.49438477,0,34520.1796875
prodAgr_Cnrnja_ACosch_cltv_ha,,double,4378,43434,90.8433,125,98.1613693237,220.590911865,0,2882
prodAgr_Cnrnja_ASembr_OCer_ha,,double,19145,28667,59.9578,3,1156.4666748,3057.99047852,0,75001.875
prodAgr_Cnrnja_ASembr_OFrt_ha,,double,18337,29475,61.6477,0,854.380004883,1802.14318848,.25,36989
prodAgr_Cnrnja_ASembr_OHor_ha,,double,13534,34278,71.6933,2,147.865371704,325.240325928,0,5190
prodAgr_Cnrnja_ASembr_OLeg_ha,,double,14520,33292,69.6311,1,207.739715576,486.557769775,0,11705
prodAgr_Cnrnja_ASembr_OMed_ha,,double,1884,45928,96.0596,0,30.14412117,63.9853172302,.00474999984726,640
prodAgr_Cnrnja_ASembr_OOle_ha,,double,3416,44396,92.8553,2,3232.2043457,7315.78857422,0,90490
prodAgr_Cnrnja_ASembr_OPer_ha,,double,18864,28948,60.5455,0,2899.05981445,4760.17333984,.25,67938.90625
prodAgr_Cnrnja_ASembr_ORai_ha,,double,17856,29956,62.6537,11,459.222381592,1049.46594238,0,21220
prodAgr_Cnrnja_ASembr_OTrn_ha,,double,20609,27203,56.8958,1,1792.61694336,3933.97216797,0,128621.875
prodAgr_Cnrnja_ASembr_OTrp_ha,,double,15629,32183,67.3116,0,1888.1003418,2969.67651367,.209999993443,38456.96875
prodAgr_Cnrnja_ASembr_cltv_ha,,double,4378,43434,90.8433,0,109.787727356,241.085647583,.10000000149,2917
prodAgr_Cnrnja_Produc_OCer_ton,,double,19145,28667,59.9578,21,4328.50488281,15984.6708984,0,431239.25
prodAgr_Cnrnja_Produc_OFrt_ton,,double,18337,29475,61.6477,123,9435.00878906,34182.7382813,0,616894
prodAgr_Cnrnja_Produc_OHor_ton,,double,13534,34278,71.6933,29,3101.84130859,9169.6328125,0,167960
prodAgr_Cnrnja_Produc_OLeg_ton,,double,14520,33292,69.6311,38,342.365631104,965.667297363,0,26519.2207031
prodAgr_Cnrnja_Produc_OMed_ton,,double,1884,45928,96.0596,100,161.094436646,400.890838623,0,5051
prodAgr_Cnrnja_Produc_OOle_ton,,double,3416,44396,92.8553,209,8831.16015625,22194.2929688,0,274153.84375
prodAgr_Cnrnja_Produc_OPer_ton,,double,18864,28948,60.5455,95,40917.6328125,196917.5,0,4793833.5
prodAgr_Cnrnja_Produc_ORai_ton,,double,17856,29956,62.6537,66,6196.00390625,18641.8691406,0,476953
prodAgr_Cnrnja_Produc_OTrn_ton,,double,20609,27203,56.8958,6,11827.8837891,26384.1914063,0,599412.0625
prodAgr_Cnrnja_Produc_OTrp_ton,,double,15629,32183,67.3116,126,36579.0546875,212616.984375,0,4787313.5
prodAgr_Cnrnja_Produc_cltv_ton,,double,4378,43434,90.8433,125,1521.49780273,4073.48681641,0,59050
prodAgr_CoCtrc_ACosch_OCer_ha,,double,19145,28667,59.9578,21,1085.69799805,2973.85522461,0,75001.875
prodAgr_CoCtrc_ACosch_OFrt_ha,,double,18325,29487,61.6728,123,744.935791016,1647.93969727,0,33972
prodAgr_CoCtrc_ACosch_OHor_ha,,double,13534,34278,71.6933,29,136.574645996,307.589874268,0,5190
prodAgr_CoCtrc_ACosch_OLeg_ha,,double,14520,33292,69.6311,38,192.163909912,457.164276123,0,10705
prodAgr_CoCtrc_ACosch_OMed_ha,,double,1884,45928,96.0596,100,25.741350174,57.9121627808,0,622
prodAgr_CoCtrc_ACosch_OOle_ha,,double,3416,44396,92.8553,209,2718.07714844,6624.10595703,0,90490
prodAgr_CoCtrc_ACosch_OPer_ha,,double,18830,28982,60.6166,88,2459.95874023,4146.32861328,0,64700.25
prodAgr_CoCtrc_ACosch_ORai_ha,,double,17856,29956,62.6537,66,416.029205322,985.024230957,0,20220
prodAgr_CoCtrc_ACosch_OTrn_ha,,double,20609,27203,56.8958,6,1670.0526123,3830.46362305,0,128621.875
prodAgr_CoCtrc_ACosch_OTrp_ha,,double,15629,32183,67.3116,126,1593.30810547,2571.49438477,0,34520.1796875
prodAgr_CoCtrc_ACosch_cltv_ha,,double,3230,44582,93.2444,64,150.922958374,303.936126709,0,2576
prodAgr_CoCtrc_ASembr_OCer_ha,,double,19145,28667,59.9578,3,1156.4666748,3057.99047852,0,75001.875
prodAgr_CoCtrc_ASembr_OFrt_ha,,double,18325,29487,61.6728,0,850.465942383,1797.27355957,.25,36989
prodAgr_CoCtrc_ASembr_OHor_ha,,double,13534,34278,71.6933,2,147.865371704,325.240325928,0,5190
prodAgr_CoCtrc_ASembr_OLeg_ha,,double,14520,33292,69.6311,1,207.739715576,486.557769775,0,11705
prodAgr_CoCtrc_ASembr_OMed_ha,,double,1884,45928,96.0596,0,30.14412117,63.9853172302,.00474999984726,640
prodAgr_CoCtrc_ASembr_OOle_ha,,double,3416,44396,92.8553,2,3232.2043457,7315.78857422,0,90490
prodAgr_CoCtrc_ASembr_OPer_ha,,double,18830,28982,60.6166,0,2899.94091797,4758.36132813,.25,67965.6171875
prodAgr_CoCtrc_ASembr_ORai_ha,,double,17856,29956,62.6537,11,459.222381592,1049.46594238,0,21220
prodAgr_CoCtrc_ASembr_OTrn_ha,,double,20609,27203,56.8958,1,1792.61694336,3933.97216797,0,128621.875
prodAgr_CoCtrc_ASembr_OTrp_ha,,double,15629,32183,67.3116,0,1888.1003418,2969.67651367,.209999993443,38456.96875
prodAgr_CoCtrc_ASembr_cltv_ha,,double,3230,44582,93.2444,0,174.188247681,343.56817627,.300000011921,3034
prodAgr_CoCtrc_Produc_OCer_ton,,double,19145,28667,59.9578,21,4328.50488281,15984.6708984,0,431239.25
prodAgr_CoCtrc_Produc_OFrt_ton,,double,18325,29487,61.6728,123,9370.54199219,34188.2695313,0,616894
prodAgr_CoCtrc_Produc_OHor_ton,,double,13534,34278,71.6933,29,3101.84130859,9169.6328125,0,167960
prodAgr_CoCtrc_Produc_OLeg_ton,,double,14520,33292,69.6311,38,342.365631104,965.667297363,0,26519.2207031
prodAgr_CoCtrc_Produc_OMed_ton,,double,1884,45928,96.0596,100,161.094436646,400.890838623,0,5051
prodAgr_CoCtrc_Produc_OOle_ton,,double,3416,44396,92.8553,209,8831.16015625,22194.2929688,0,274153.84375
prodAgr_CoCtrc_Produc_OPer_ton,,double,18830,28982,60.6166,88,40922.765625,197015.390625,0,4795561
prodAgr_CoCtrc_Produc_ORai_ton,,double,17856,29956,62.6537,66,6196.00390625,18641.8691406,0,476953
prodAgr_CoCtrc_Produc_OTrn_ton,,double,20609,27203,56.8958,6,11827.8837891,26384.1914063,0,599412.0625
prodAgr_CoCtrc_Produc_OTrp_ton,,double,15629,32183,67.3116,126,36579.0546875,212616.984375,0,4787313.5
prodAgr_CoCtrc_Produc_cltv_ton,,double,3230,44582,93.2444,64,2463.06079102,6080.07373047,0,57500
prodAgr_Cpapa_ACosch_OCer_ha,,double,19145,28667,59.9578,21,1085.69799805,2973.85522461,0,75001.875
prodAgr_Cpapa_ACosch_OFrt_ha,,double,18415,29397,61.4846,118,767.767028809,1669.78222656,0,33972
prodAgr_Cpapa_ACosch_OHor_ha,,double,13534,34278,71.6933,29,136.574645996,307.589874268,0,5190
prodAgr_Cpapa_ACosch_OLeg_ha,,double,14520,33292,69.6311,38,192.163909912,457.164276123,0,10705
prodAgr_Cpapa_ACosch_OMed_ha,,double,1884,45928,96.0596,100,25.741350174,57.9121627808,0,622
prodAgr_Cpapa_ACosch_OOle_ha,,double,3416,44396,92.8553,209,2718.07714844,6624.10595703,0,90490
prodAgr_Cpapa_ACosch_OPer_ha,,double,18890,28922,60.4911,84,2477.95141602,4161.71826172,0,64700.25
prodAgr_Cpapa_ACosch_ORai_ha,,double,14884,32928,68.8697,67,287.755706787,710.111816406,0,14500
prodAgr_Cpapa_ACosch_OTrn_ha,,double,20550,27262,57.0192,6,1521.77380371,3787.76635742,0,128621.875
prodAgr_Cpapa_ACosch_OTrp_ha,,double,15629,32183,67.3116,126,1593.30810547,2571.49438477,0,34520.1796875
prodAgr_Cpapa_ACosch_cltv_ha,,double,5245,42567,89.0300,14,599.744873047,1356.60266113,0,20220
prodAgr_Cpapa_ASembr_OCer_ha,,double,19145,28667,59.9578,3,1156.4666748,3057.99047852,0,75001.875
prodAgr_Cpapa_ASembr_OFrt_ha,,double,18415,29397,61.4846,0,876.862182617,1824.71984863,.25,36989
prodAgr_Cpapa_ASembr_OHor_ha,,double,13534,34278,71.6933,2,147.865371704,325.240325928,0,5190
prodAgr_Cpapa_ASembr_OLeg_ha,,double,14520,33292,69.6311,1,207.739715576,486.557769775,0,11705
prodAgr_Cpapa_ASembr_OMed_ha,,double,1884,45928,96.0596,0,30.14412117,63.9853172302,.00474999984726,640
prodAgr_Cpapa_ASembr_OOle_ha,,double,3416,44396,92.8553,2,3232.2043457,7315.78857422,0,90490
prodAgr_Cpapa_ASembr_OPer_ha,,double,18890,28922,60.4911,0,2920.5144043,4777.67871094,.25,67965.6171875
prodAgr_Cpapa_ASembr_ORai_ha,,double,14884,32928,68.8697,12,326.847717285,782.234924316,0,16200
prodAgr_Cpapa_ASembr_OTrn_ha,,double,20550,27262,57.0192,1,1635.47302246,3890.64819336,0,128621.875
prodAgr_Cpapa_ASembr_OTrp_ha,,double,15629,32183,67.3116,0,1888.1003418,2969.67651367,.209999993443,38456.96875
prodAgr_Cpapa_ASembr_cltv_ha,,double,5245,42567,89.0300,0,635.857727051,1411.78991699,.20000000298,21220
prodAgr_Cpapa_Produc_OCer_ton,,double,19145,28667,59.9578,21,4328.50488281,15984.6708984,0,431239.25
prodAgr_Cpapa_Produc_OFrt_ton,,double,18415,29397,61.4846,118,9756.76757813,34480.5351563,0,616894
prodAgr_Cpapa_Produc_OHor_ton,,double,13534,34278,71.6933,29,3101.84130859,9169.6328125,0,167960
prodAgr_Cpapa_Produc_OLeg_ton,,double,14520,33292,69.6311,38,342.365631104,965.667297363,0,26519.2207031
prodAgr_Cpapa_Produc_OMed_ton,,double,1884,45928,96.0596,100,161.094436646,400.890838623,0,5051
prodAgr_Cpapa_Produc_OOle_ton,,double,3416,44396,92.8553,209,8831.16015625,22194.2929688,0,274153.84375
prodAgr_Cpapa_Produc_OPer_ton,,double,18890,28922,60.4911,84,41213.9414063,196893.3125,0,4795561
prodAgr_Cpapa_Produc_ORai_ton,,double,14884,32928,68.8697,67,3180.52246094,8732.73828125,0,178610
prodAgr_Cpapa_Produc_OTrn_ton,,double,20550,27262,57.0192,6,8781.69921875,20720.7695313,0,599412.0625
prodAgr_Cpapa_Produc_OTrp_ton,,double,15629,32183,67.3116,126,36579.0546875,212616.984375,0,4787313.5
prodAgr_Cpapa_Produc_cltv_ton,,double,5245,42567,89.0300,14,12068.0546875,30297.6621094,0,476953
prodAgr_Cpinna_ACosch_OCer_ha,,double,19145,28667,59.9578,21,1085.69799805,2973.85522461,0,75001.875
prodAgr_Cpinna_ACosch_OFrt_ha,,double,18382,29430,61.5536,118,752.207702637,1642.9888916,0,33972
prodAgr_Cpinna_ACosch_OHor_ha,,double,13534,34278,71.6933,29,136.574645996,307.589874268,0,5190
prodAgr_Cpinna_ACosch_OLeg_ha,,double,14520,33292,69.6311,38,192.163909912,457.164276123,0,10705
prodAgr_Cpinna_ACosch_OMed_ha,,double,1884,45928,96.0596,100,25.741350174,57.9121627808,0,622
prodAgr_Cpinna_ACosch_OOle_ha,,double,3416,44396,92.8553,209,2718.07714844,6624.10595703,0,90490
prodAgr_Cpinna_ACosch_OPer_ha,,double,18880,28932,60.5120,84,2462.77294922,4145.16308594,0,64670.25
prodAgr_Cpinna_ACosch_ORai_ha,,double,17856,29956,62.6537,66,416.029205322,985.024230957,0,20220
prodAgr_Cpinna_ACosch_OTrn_ha,,double,20609,27203,56.8958,6,1670.0526123,3830.46362305,0,128621.875
prodAgr_Cpinna_ACosch_OTrp_ha,,double,15629,32183,67.3116,126,1593.30810547,2571.49438477,0,34520.1796875
prodAgr_Cpinna_ACosch_cltv_ha,,double,3588,44224,92.4956,136,86.774597168,339.891693115,0,5167
prodAgr_Cpinna_ASembr_OCer_ha,,double,19145,28667,59.9578,3,1156.4666748,3057.99047852,0,75001.875
prodAgr_Cpinna_ASembr_OFrt_ha,,double,18382,29430,61.5536,0,856.13293457,1786.17456055,.25,36989
prodAgr_Cpinna_ASembr_OHor_ha,,double,13534,34278,71.6933,2,147.865371704,325.240325928,0,5190
prodAgr_Cpinna_ASembr_OLeg_ha,,double,14520,33292,69.6311,1,207.739715576,486.557769775,0,11705
prodAgr_Cpinna_ASembr_OMed_ha,,double,1884,45928,96.0596,0,30.14412117,63.9853172302,.00474999984726,640
prodAgr_Cpinna_ASembr_OOle_ha,,double,3416,44396,92.8553,2,3232.2043457,7315.78857422,0,90490
prodAgr_Cpinna_ASembr_OPer_ha,,double,18880,28932,60.5120,0,2900.34619141,4753.73486328,.25,67933.1171875
prodAgr_Cpinna_ASembr_ORai_ha,,double,17856,29956,62.6537,11,459.222381592,1049.46594238,0,21220
prodAgr_Cpinna_ASembr_OTrn_ha,,double,20609,27203,56.8958,1,1792.61694336,3933.97216797,0,128621.875
prodAgr_Cpinna_ASembr_OTrp_ha,,double,15629,32183,67.3116,0,1888.1003418,2969.67651367,.209999993443,38456.96875
prodAgr_Cpinna_ASembr_cltv_ha,,double,3588,44224,92.4956,0,114.26449585,450.225189209,.0149999996647,9613
prodAgr_Cpinna_Produc_OCer_ton,,double,19145,28667,59.9578,21,4328.50488281,15984.6708984,0,431239.25
prodAgr_Cpinna_Produc_OFrt_ton,,double,18382,29430,61.5536,118,9091.8671875,32950.2109375,0,616894
prodAgr_Cpinna_Produc_OHor_ton,,double,13534,34278,71.6933,29,3101.84130859,9169.6328125,0,167960
prodAgr_Cpinna_Produc_OLeg_ton,,double,14520,33292,69.6311,38,342.365631104,965.667297363,0,26519.2207031
prodAgr_Cpinna_Produc_OMed_ton,,double,1884,45928,96.0596,100,161.094436646,400.890838623,0,5051
prodAgr_Cpinna_Produc_OOle_ton,,double,3416,44396,92.8553,209,8831.16015625,22194.2929688,0,274153.84375
prodAgr_Cpinna_Produc_OPer_ton,,double,18880,28932,60.5120,84,40571.3554688,196570.359375,0,4795561
prodAgr_Cpinna_Produc_ORai_ton,,double,17856,29956,62.6537,66,6196.00390625,18641.8691406,0,476953
prodAgr_Cpinna_Produc_OTrn_ton,,double,20609,27203,56.8958,6,11827.8837891,26384.1914063,0,599412.0625
prodAgr_Cpinna_Produc_OTrp_ton,,double,15629,32183,67.3116,126,36579.0546875,212616.984375,0,4787313.5
prodAgr_Cpinna_Produc_cltv_ton,,double,3588,44224,92.4956,136,3496.14526367,15969.9287109,0,258150
prodAgr_CplmAc_ACosch_OCer_ha,,double,19145,28667,59.9578,21,1085.69799805,2973.85522461,0,75001.875
prodAgr_CplmAc_ACosch_OFrt_ha,,double,18415,29397,61.4846,118,767.767028809,1669.78222656,0,33972
prodAgr_CplmAc_ACosch_OHor_ha,,double,13534,34278,71.6933,29,136.574645996,307.589874268,0,5190
prodAgr_CplmAc_ACosch_OLeg_ha,,double,14520,33292,69.6311,38,192.163909912,457.164276123,0,10705
prodAgr_CplmAc_ACosch_OMed_ha,,double,1884,45928,96.0596,100,25.741350174,57.9121627808,0,622
prodAgr_CplmAc_ACosch_OOle_ha,,double,1559,46253,96.7393,64,644.350036621,4178.04492188,0,61000
prodAgr_CplmAc_ACosch_OPer_ha,,double,18785,29027,60.7107,80,2051.00317383,3253.87280273,0,37893.25
prodAgr_CplmAc_ACosch_ORai_ha,,double,17856,29956,62.6537,66,416.029205322,985.024230957,0,20220
prodAgr_CplmAc_ACosch_OTrn_ha,,double,20609,27203,56.8958,6,1670.0526123,3830.46362305,0,128621.875
prodAgr_CplmAc_ACosch_OTrp_ha,,double,15629,32183,67.3116,126,1593.30810547,2571.49438477,0,34520.1796875
prodAgr_CplmAc_ACosch_cltv_ha,,double,2222,45590,95.3526,190,3726.55688477,6282.62304688,0,46264
prodAgr_CplmAc_ASembr_OCer_ha,,double,19145,28667,59.9578,3,1156.4666748,3057.99047852,0,75001.875
prodAgr_CplmAc_ASembr_OFrt_ha,,double,18415,29397,61.4846,0,876.862182617,1824.71984863,.25,36989
prodAgr_CplmAc_ASembr_OHor_ha,,double,13534,34278,71.6933,2,147.865371704,325.240325928,0,5190
prodAgr_CplmAc_ASembr_OLeg_ha,,double,14520,33292,69.6311,1,207.739715576,486.557769775,0,11705
prodAgr_CplmAc_ASembr_OMed_ha,,double,1884,45928,96.0596,0,30.14412117,63.9853172302,.00474999984726,640
prodAgr_CplmAc_ASembr_OOle_ha,,double,1559,46253,96.7393,3,642.657836914,4052.27416992,0,61000
prodAgr_CplmAc_ASembr_OPer_ha,,double,18785,29027,60.7107,0,2402.40673828,3710.81103516,.25,39818.6210938
prodAgr_CplmAc_ASembr_ORai_ha,,double,17856,29956,62.6537,11,459.222381592,1049.46594238,0,21220
prodAgr_CplmAc_ASembr_OTrn_ha,,double,20609,27203,56.8958,1,1792.61694336,3933.97216797,0,128621.875
prodAgr_CplmAc_ASembr_OTrp_ha,,double,15629,32183,67.3116,0,1888.1003418,2969.67651367,.209999993443,38456.96875
prodAgr_CplmAc_ASembr_cltv_ha,,double,2222,45590,95.3526,0,4518.13964844,7246.40283203,1,47403
prodAgr_CplmAc_Produc_OCer_ton,,double,19145,28667,59.9578,21,4328.50488281,15984.6708984,0,431239.25
prodAgr_CplmAc_Produc_OFrt_ton,,double,18415,29397,61.4846,118,9756.76757813,34480.5351563,0,616894
prodAgr_CplmAc_Produc_OHor_ton,,double,13534,34278,71.6933,29,3101.84130859,9169.6328125,0,167960
prodAgr_CplmAc_Produc_OLeg_ton,,double,14520,33292,69.6311,38,342.365631104,965.667297363,0,26519.2207031
prodAgr_CplmAc_Produc_OMed_ton,,double,1884,45928,96.0596,100,161.094436646,400.890838623,0,5051
prodAgr_CplmAc_Produc_OOle_ton,,double,1559,46253,96.7393,64,1552.6105957,11052.4121094,0,165605.84375
prodAgr_CplmAc_Produc_OPer_ton,,double,18785,29027,60.7107,80,39967.2421875,197320.375,0,4795561
prodAgr_CplmAc_Produc_ORai_ton,,double,17856,29956,62.6537,66,6196.00390625,18641.8691406,0,476953
prodAgr_CplmAc_Produc_OTrn_ton,,double,20609,27203,56.8958,6,11827.8837891,26384.1914063,0,599412.0625
prodAgr_CplmAc_Produc_OTrp_ton,,double,15629,32183,67.3116,126,36579.0546875,212616.984375,0,4787313.5
prodAgr_CplmAc_Produc_cltv_ton,,double,2222,45590,95.3526,190,12487.2744141,22464.3925781,0,222067.203125
prodAgr_Cpltno_ACosch_OCer_ha,,double,19145,28667,59.9578,21,1085.69799805,2973.85522461,0,75001.875
prodAgr_Cpltno_ACosch_OFrt_ha,,double,17312,30500,63.7915,242,394.756164551,993.311828613,0,15070
prodAgr_Cpltno_ACosch_OHor_ha,,double,13534,34278,71.6933,29,136.574645996,307.589874268,0,5190
prodAgr_Cpltno_ACosch_OLeg_ha,,double,14520,33292,69.6311,38,192.163909912,457.164276123,0,10705
prodAgr_Cpltno_ACosch_OMed_ha,,double,1884,45928,96.0596,100,25.741350174,57.9121627808,0,622
prodAgr_Cpltno_ACosch_OOle_ha,,double,3416,44396,92.8553,209,2718.07714844,6624.10595703,0,90490
prodAgr_Cpltno_ACosch_OPer_ha,,double,18687,29125,60.9157,141,2113.98779297,3772.75024414,0,57196.25
prodAgr_Cpltno_ACosch_ORai_ha,,double,17856,29956,62.6537,66,416.029205322,985.024230957,0,20220
prodAgr_Cpltno_ACosch_OTrn_ha,,double,20609,27203,56.8958,6,1670.0526123,3830.46362305,0,128621.875
prodAgr_Cpltno_ACosch_OTrp_ha,,double,15629,32183,67.3116,126,1593.30810547,2571.49438477,0,34520.1796875
prodAgr_Cpltno_ACosch_cltv_ha,,double,13682,34130,71.3838,74,533.870117188,1246.20751953,0,23374
prodAgr_Cpltno_ASembr_OCer_ha,,double,19145,28667,59.9578,3,1156.4666748,3057.99047852,0,75001.875
prodAgr_Cpltno_ASembr_OFrt_ha,,double,17312,30500,63.7915,0,465.397216797,1092.6842041,.25,15473
prodAgr_Cpltno_ASembr_OHor_ha,,double,13534,34278,71.6933,2,147.865371704,325.240325928,0,5190
prodAgr_Cpltno_ASembr_OLeg_ha,,double,14520,33292,69.6311,1,207.739715576,486.557769775,0,11705
prodAgr_Cpltno_ASembr_OMed_ha,,double,1884,45928,96.0596,0,30.14412117,63.9853172302,.00474999984726,640
prodAgr_Cpltno_ASembr_OOle_ha,,double,3416,44396,92.8553,2,3232.2043457,7315.78857422,0,90490
prodAgr_Cpltno_ASembr_OPer_ha,,double,18687,29125,60.9157,0,2519.29443359,4353.10058594,.25,60086.421875
prodAgr_Cpltno_ASembr_ORai_ha,,double,17856,29956,62.6537,11,459.222381592,1049.46594238,0,21220
prodAgr_Cpltno_ASembr_OTrn_ha,,double,20609,27203,56.8958,1,1792.61694336,3933.97216797,0,128621.875
prodAgr_Cpltno_ASembr_OTrp_ha,,double,15629,32183,67.3116,0,1888.1003418,2969.67651367,.209999993443,38456.96875
prodAgr_Cpltno_ASembr_cltv_ha,,double,13682,34130,71.3838,0,591.321472168,1351.85070801,.259999990463,25874
prodAgr_Cpltno_Produc_OCer_ton,,double,19145,28667,59.9578,21,4328.50488281,15984.6708984,0,431239.25
prodAgr_Cpltno_Produc_OFrt_ton,,double,17312,30500,63.7915,242,6493.77148438,28384.9921875,0,586808.0625
prodAgr_Cpltno_Produc_OHor_ton,,double,13534,34278,71.6933,29,3101.84130859,9169.6328125,0,167960
prodAgr_Cpltno_Produc_OLeg_ton,,double,14520,33292,69.6311,38,342.365631104,965.667297363,0,26519.2207031
prodAgr_Cpltno_Produc_OMed_ton,,double,1884,45928,96.0596,100,161.094436646,400.890838623,0,5051
prodAgr_Cpltno_Produc_OOle_ton,,double,3416,44396,92.8553,209,8831.16015625,22194.2929688,0,274153.84375
prodAgr_Cpltno_Produc_OPer_ton,,double,18687,29125,60.9157,141,38062.859375,197016.734375,0,4793961
prodAgr_Cpltno_Produc_ORai_ton,,double,17856,29956,62.6537,66,6196.00390625,18641.8691406,0,476953
prodAgr_Cpltno_Produc_OTrn_ton,,double,20609,27203,56.8958,6,11827.8837891,26384.1914063,0,599412.0625
prodAgr_Cpltno_Produc_OTrp_ton,,double,15629,32183,67.3116,126,36579.0546875,212616.984375,0,4787313.5
prodAgr_Cpltno_Produc_cltv_ton,,double,13682,34130,71.3838,74,4915.26855469,18589.5800781,0,537575
prodAgr_Cptill_ACosch_OCer_ha,,double,19145,28667,59.9578,21,1085.69799805,2973.85522461,0,75001.875
prodAgr_Cptill_ACosch_OFrt_ha,,double,18415,29397,61.4846,118,767.767028809,1669.78222656,0,33972
prodAgr_Cptill_ACosch_OHor_ha,,double,12859,34953,73.1051,30,129.457046509,294.400177002,0,5100
prodAgr_Cptill_ACosch_OLeg_ha,,double,14520,33292,69.6311,38,192.163909912,457.164276123,0,10705
prodAgr_Cptill_ACosch_OMed_ha,,double,1884,45928,96.0596,100,25.741350174,57.9121627808,0,622
prodAgr_Cptill_ACosch_OOle_ha,,double,3416,44396,92.8553,209,2718.07714844,6624.10595703,0,90490
prodAgr_Cptill_ACosch_OPer_ha,,double,18890,28922,60.4911,84,2477.95141602,4161.71826172,0,64700.25
prodAgr_Cptill_ACosch_ORai_ha,,double,17856,29956,62.6537,66,416.029205322,985.024230957,0,20220
prodAgr_Cptill_ACosch_OTrn_ha,,double,20607,27205,56.8999,6,1661.29956055,3823.59375,0,128621.875
prodAgr_Cptill_ACosch_OTrp_ha,,double,15629,32183,67.3116,126,1593.30810547,2571.49438477,0,34520.1796875
prodAgr_Cptill_ACosch_cltv_ha,,double,2575,45237,94.6143,26,71.3448867798,209.86630249,0,4237.12011719
prodAgr_Cptill_ASembr_OCer_ha,,double,19145,28667,59.9578,3,1156.4666748,3057.99047852,0,75001.875
prodAgr_Cptill_ASembr_OFrt_ha,,double,18415,29397,61.4846,0,876.862182617,1824.71984863,.25,36989
prodAgr_Cptill_ASembr_OHor_ha,,double,12859,34953,73.1051,2,139.218704224,308.284606934,0,5100
prodAgr_Cptill_ASembr_OLeg_ha,,double,14520,33292,69.6311,1,207.739715576,486.557769775,0,11705
prodAgr_Cptill_ASembr_OMed_ha,,double,1884,45928,96.0596,0,30.14412117,63.9853172302,.00474999984726,640
prodAgr_Cptill_ASembr_OOle_ha,,double,3416,44396,92.8553,2,3232.2043457,7315.78857422,0,90490
prodAgr_Cptill_ASembr_OPer_ha,,double,18890,28922,60.4911,0,2920.5144043,4777.67871094,.25,67965.6171875
prodAgr_Cptill_ASembr_ORai_ha,,double,17856,29956,62.6537,11,459.222381592,1049.46594238,0,21220
prodAgr_Cptill_ASembr_OTrn_ha,,double,20607,27205,56.8999,1,1782.55187988,3925.76977539,0,128621.875
prodAgr_Cptill_ASembr_OTrp_ha,,double,15629,32183,67.3116,0,1888.1003418,2969.67651367,.209999993443,38456.96875
prodAgr_Cptill_ASembr_cltv_ha,,double,2575,45237,94.6143,1,81.9404449463,235.221511841,0,4237.12011719
prodAgr_Cptill_Produc_OCer_ton,,double,19145,28667,59.9578,21,4328.50488281,15984.6708984,0,431239.25
prodAgr_Cptill_Produc_OFrt_ton,,double,18415,29397,61.4846,118,9756.76757813,34480.5351563,0,616894
prodAgr_Cptill_Produc_OHor_ton,,double,12859,34953,73.1051,30,3026.15893555,9006.62109375,0,167960
prodAgr_Cptill_Produc_OLeg_ton,,double,14520,33292,69.6311,38,342.365631104,965.667297363,0,26519.2207031
prodAgr_Cptill_Produc_OMed_ton,,double,1884,45928,96.0596,100,161.094436646,400.890838623,0,5051
prodAgr_Cptill_Produc_OOle_ton,,double,3416,44396,92.8553,209,8831.16015625,22194.2929688,0,274153.84375
prodAgr_Cptill_Produc_OPer_ton,,double,18890,28922,60.4911,84,41213.9414063,196893.3125,0,4795561
prodAgr_Cptill_Produc_ORai_ton,,double,17856,29956,62.6537,66,6196.00390625,18641.8691406,0,476953
prodAgr_Cptill_Produc_OTrn_ton,,double,20607,27205,56.8999,6,11680.2021484,26231.28125,0,599412.0625
prodAgr_Cptill_Produc_OTrp_ton,,double,15629,32183,67.3116,126,36579.0546875,212616.984375,0,4787313.5
prodAgr_Cptill_Produc_cltv_ton,,double,2575,45237,94.6143,26,1191.04589844,5682.32128906,0,128059.726563
prodAgr_Csoya_ACosch_OCer_ha,,double,19145,28667,59.9578,21,1085.69799805,2973.85522461,0,75001.875
prodAgr_Csoya_ACosch_OFrt_ha,,double,18415,29397,61.4846,118,767.767028809,1669.78222656,0,33972
prodAgr_Csoya_ACosch_OHor_ha,,double,13534,34278,71.6933,29,136.574645996,307.589874268,0,5190
prodAgr_Csoya_ACosch_OLeg_ha,,double,14520,33292,69.6311,38,192.163909912,457.164276123,0,10705
prodAgr_Csoya_ACosch_OMed_ha,,double,1884,45928,96.0596,100,25.741350174,57.9121627808,0,622
prodAgr_Csoya_ACosch_OOle_ha,,double,3148,44664,93.4159,210,2656.12963867,5538.63330078,0,46264
prodAgr_Csoya_ACosch_OPer_ha,,double,18890,28922,60.4911,84,2477.95141602,4161.71826172,0,64700.25
prodAgr_Csoya_ACosch_ORai_ha,,double,17856,29956,62.6537,66,416.029205322,985.024230957,0,20220
prodAgr_Csoya_ACosch_OTrn_ha,,double,20608,27204,56.8979,6,1625.32312012,3237.03759766,0,75121.875
prodAgr_Csoya_ACosch_OTrp_ha,,double,15629,32183,67.3116,126,1593.30810547,2571.49438477,0,34520.1796875
prodAgr_Csoya_ACosch_cltv_ha,,double,460,47352,99.0379,9,2007.51135254,7514.43554688,0,61000
prodAgr_Csoya_ASembr_OCer_ha,,double,19145,28667,59.9578,3,1156.4666748,3057.99047852,0,75001.875
prodAgr_Csoya_ASembr_OFrt_ha,,double,18415,29397,61.4846,0,876.862182617,1824.71984863,.25,36989
prodAgr_Csoya_ASembr_OHor_ha,,double,13534,34278,71.6933,2,147.865371704,325.240325928,0,5190
prodAgr_Csoya_ASembr_OLeg_ha,,double,14520,33292,69.6311,1,207.739715576,486.557769775,0,11705
prodAgr_Csoya_ASembr_OMed_ha,,double,1884,45928,96.0596,0,30.14412117,63.9853172302,.00474999984726,640
prodAgr_Csoya_ASembr_OOle_ha,,double,3148,44664,93.4159,2,3218.30712891,6418.62109375,0,47403
prodAgr_Csoya_ASembr_OPer_ha,,double,18890,28922,60.4911,0,2920.5144043,4777.67871094,.25,67965.6171875
prodAgr_Csoya_ASembr_ORai_ha,,double,17856,29956,62.6537,11,459.222381592,1049.46594238,0,21220
prodAgr_Csoya_ASembr_OTrn_ha,,double,20608,27204,56.8979,1,1748.54736328,3360.86230469,0,75121.875
prodAgr_Csoya_ASembr_OTrp_ha,,double,15629,32183,67.3116,0,1888.1003418,2969.67651367,.209999993443,38456.96875
prodAgr_Csoya_ASembr_cltv_ha,,double,460,47352,99.0379,1,1978.21569824,7281.74560547,0,61000
prodAgr_Csoya_Produc_OCer_ton,,double,19145,28667,59.9578,21,4328.50488281,15984.6708984,0,431239.25
prodAgr_Csoya_Produc_OFrt_ton,,double,18415,29397,61.4846,118,9756.76757813,34480.5351563,0,616894
prodAgr_Csoya_Produc_OHor_ton,,double,13534,34278,71.6933,29,3101.84130859,9169.6328125,0,167960
prodAgr_Csoya_Produc_OLeg_ton,,double,14520,33292,69.6311,38,342.365631104,965.667297363,0,26519.2207031
prodAgr_Csoya_Produc_OMed_ton,,double,1884,45928,96.0596,100,161.094436646,400.890838623,0,5051
prodAgr_Csoya_Produc_OOle_ton,,double,3148,44664,93.4159,210,8847.08398438,19704.8105469,0,222067.203125
prodAgr_Csoya_Produc_OPer_ton,,double,18890,28922,60.4911,84,41213.9414063,196893.3125,0,4795561
prodAgr_Csoya_Produc_ORai_ton,,double,17856,29956,62.6537,66,6196.00390625,18641.8691406,0,476953
prodAgr_Csoya_Produc_OTrn_ton,,double,20608,27204,56.8979,6,11716.0439453,25411.5136719,0,482107
prodAgr_Csoya_Produc_OTrp_ton,,double,15629,32183,67.3116,126,36579.0546875,212616.984375,0,4787313.5
prodAgr_Csoya_Produc_cltv_ton,,double,460,47352,99.0379,9,5036.13671875,19900.8554688,0,165605.84375
prodAgr_CtArbl_ACosch_OCer_ha,,double,19145,28667,59.9578,21,1085.69799805,2973.85522461,0,75001.875
prodAgr_CtArbl_ACosch_OFrt_ha,,double,18332,29480,61.6582,123,761.911987305,1671.17333984,0,33972
prodAgr_CtArbl_ACosch_OHor_ha,,double,13534,34278,71.6933,29,136.574645996,307.589874268,0,5190
prodAgr_CtArbl_ACosch_OLeg_ha,,double,14520,33292,69.6311,38,192.163909912,457.164276123,0,10705
prodAgr_CtArbl_ACosch_OMed_ha,,double,1884,45928,96.0596,100,25.741350174,57.9121627808,0,622
prodAgr_CtArbl_ACosch_OOle_ha,,double,3416,44396,92.8553,209,2718.07714844,6624.10595703,0,90490
prodAgr_CtArbl_ACosch_OPer_ha,,double,18849,28963,60.5768,90,2474.26611328,4164.09960938,0,64700.25
prodAgr_CtArbl_ACosch_ORai_ha,,double,17856,29956,62.6537,66,416.029205322,985.024230957,0,20220
prodAgr_CtArbl_ACosch_OTrn_ha,,double,20609,27203,56.8958,6,1670.0526123,3830.46362305,0,128621.875
prodAgr_CtArbl_ACosch_OTrp_ha,,double,15629,32183,67.3116,126,1593.30810547,2571.49438477,0,34520.1796875
prodAgr_CtArbl_ACosch_cltv_ha,,double,4313,43499,90.9793,120,39.661239624,115.325828552,0,2164
prodAgr_CtArbl_ASembr_OCer_ha,,double,19145,28667,59.9578,3,1156.4666748,3057.99047852,0,75001.875
prodAgr_CtArbl_ASembr_OFrt_ha,,double,18332,29480,61.6582,0,869.551269531,1826.01196289,.25,36989
prodAgr_CtArbl_ASembr_OHor_ha,,double,13534,34278,71.6933,2,147.865371704,325.240325928,0,5190
prodAgr_CtArbl_ASembr_OLeg_ha,,double,14520,33292,69.6311,1,207.739715576,486.557769775,0,11705
prodAgr_CtArbl_ASembr_OMed_ha,,double,1884,45928,96.0596,0,30.14412117,63.9853172302,.00474999984726,640
prodAgr_CtArbl_ASembr_OOle_ha,,double,3416,44396,92.8553,2,3232.2043457,7315.78857422,0,90490
prodAgr_CtArbl_ASembr_OPer_ha,,double,18849,28963,60.5768,0,2915.89550781,4780.52832031,.219999998808,67965.6171875
prodAgr_CtArbl_ASembr_ORai_ha,,double,17856,29956,62.6537,11,459.222381592,1049.46594238,0,21220
prodAgr_CtArbl_ASembr_OTrn_ha,,double,20609,27203,56.8958,1,1792.61694336,3933.97216797,0,128621.875
prodAgr_CtArbl_ASembr_OTrp_ha,,double,15629,32183,67.3116,0,1888.1003418,2969.67651367,.209999993443,38456.96875
prodAgr_CtArbl_ASembr_cltv_ha,,double,4313,43499,90.9793,0,47.9486846924,132.347595215,.20000000298,2264
prodAgr_CtArbl_Produc_OCer_ton,,double,19145,28667,59.9578,21,4328.50488281,15984.6708984,0,431239.25
prodAgr_CtArbl_Produc_OFrt_ton,,double,18332,29480,61.6582,123,9633.29003906,34513.1953125,0,616894
prodAgr_CtArbl_Produc_OHor_ton,,double,13534,34278,71.6933,29,3101.84130859,9169.6328125,0,167960
prodAgr_CtArbl_Produc_OLeg_ton,,double,14520,33292,69.6311,38,342.365631104,965.667297363,0,26519.2207031
prodAgr_CtArbl_Produc_OMed_ton,,double,1884,45928,96.0596,100,161.094436646,400.890838623,0,5051
prodAgr_CtArbl_Produc_OOle_ton,,double,3416,44396,92.8553,209,8831.16015625,22194.2929688,0,274153.84375
prodAgr_CtArbl_Produc_OPer_ton,,double,18849,28963,60.5768,90,41140.5351563,197107.390625,0,4795516.5
prodAgr_CtArbl_Produc_ORai_ton,,double,17856,29956,62.6537,66,6196.00390625,18641.8691406,0,476953
prodAgr_CtArbl_Produc_OTrn_ton,,double,20609,27203,56.8958,6,11827.8837891,26384.1914063,0,599412.0625
prodAgr_CtArbl_Produc_OTrp_ton,,double,15629,32183,67.3116,126,36579.0546875,212616.984375,0,4787313.5
prodAgr_CtArbl_Produc_cltv_ton,,double,4313,43499,90.9793,120,712.589599609,3331.04589844,0,73008
prodAgr_Ctmate_ACosch_OCer_ha,,double,19145,28667,59.9578,21,1085.69799805,2973.85522461,0,75001.875
prodAgr_Ctmate_ACosch_OFrt_ha,,double,18415,29397,61.4846,118,767.767028809,1669.78222656,0,33972
prodAgr_Ctmate_ACosch_OHor_ha,,double,11207,36605,76.5603,27,138.11177063,313.530212402,0,5010
prodAgr_Ctmate_ACosch_OLeg_ha,,double,14520,33292,69.6311,38,192.163909912,457.164276123,0,10705
prodAgr_Ctmate_ACosch_OMed_ha,,double,1884,45928,96.0596,100,25.741350174,57.9121627808,0,622
prodAgr_Ctmate_ACosch_OOle_ha,,double,3416,44396,92.8553,209,2718.07714844,6624.10595703,0,90490
prodAgr_Ctmate_ACosch_OPer_ha,,double,18890,28922,60.4911,84,2477.95141602,4161.71826172,0,64700.25
prodAgr_Ctmate_ACosch_ORai_ha,,double,17856,29956,62.6537,66,416.029205322,985.024230957,0,20220
prodAgr_Ctmate_ACosch_OTrn_ha,,double,20561,27251,56.9962,7,1659.33227539,3832.97338867,0,128621.875
prodAgr_Ctmate_ACosch_OTrp_ha,,double,15629,32183,67.3116,126,1593.30810547,2571.49438477,0,34520.1796875
prodAgr_Ctmate_ACosch_cltv_ha,,double,8065,39747,83.1319,11,37.2700195313,79.0722579956,0,1550
prodAgr_Ctmate_ASembr_OCer_ha,,double,19145,28667,59.9578,3,1156.4666748,3057.99047852,0,75001.875
prodAgr_Ctmate_ASembr_OFrt_ha,,double,18415,29397,61.4846,0,876.862182617,1824.71984863,.25,36989
prodAgr_Ctmate_ASembr_OHor_ha,,double,11207,36605,76.5603,1,149.915435791,332.346679688,0,5010
prodAgr_Ctmate_ASembr_OLeg_ha,,double,14520,33292,69.6311,1,207.739715576,486.557769775,0,11705
prodAgr_Ctmate_ASembr_OMed_ha,,double,1884,45928,96.0596,0,30.14412117,63.9853172302,.00474999984726,640
prodAgr_Ctmate_ASembr_OOle_ha,,double,3416,44396,92.8553,2,3232.2043457,7315.78857422,0,90490
prodAgr_Ctmate_ASembr_OPer_ha,,double,18890,28922,60.4911,0,2920.5144043,4777.67871094,.25,67965.6171875
prodAgr_Ctmate_ASembr_ORai_ha,,double,17856,29956,62.6537,11,459.222381592,1049.46594238,0,21220
prodAgr_Ctmate_ASembr_OTrn_ha,,double,20561,27251,56.9962,1,1781.18457031,3936.64990234,0,128621.875
prodAgr_Ctmate_ASembr_OTrp_ha,,double,15629,32183,67.3116,0,1888.1003418,2969.67651367,.209999993443,38456.96875
prodAgr_Ctmate_ASembr_cltv_ha,,double,8065,39747,83.1319,3,39.814956665,81.9873962402,0,1600
prodAgr_Ctmate_Produc_OCer_ton,,double,19145,28667,59.9578,21,4328.50488281,15984.6708984,0,431239.25
prodAgr_Ctmate_Produc_OFrt_ton,,double,18415,29397,61.4846,118,9756.76757813,34480.5351563,0,616894
prodAgr_Ctmate_Produc_OHor_ton,,double,11207,36605,76.5603,27,2616.2644043,8353.171875,0,167960
prodAgr_Ctmate_Produc_OLeg_ton,,double,14520,33292,69.6311,38,342.365631104,965.667297363,0,26519.2207031
prodAgr_Ctmate_Produc_OMed_ton,,double,1884,45928,96.0596,100,161.094436646,400.890838623,0,5051
prodAgr_Ctmate_Produc_OOle_ton,,double,3416,44396,92.8553,209,8831.16015625,22194.2929688,0,274153.84375
prodAgr_Ctmate_Produc_OPer_ton,,double,18890,28922,60.4911,84,41213.9414063,196893.3125,0,4795561
prodAgr_Ctmate_Produc_ORai_ton,,double,17856,29956,62.6537,66,6196.00390625,18641.8691406,0,476953
prodAgr_Ctmate_Produc_OTrn_ton,,double,20561,27251,56.9962,7,11239.7753906,26159.0019531,0,599412.0625
prodAgr_Ctmate_Produc_OTrp_ton,,double,15629,32183,67.3116,126,36579.0546875,212616.984375,0,4787313.5
prodAgr_Ctmate_Produc_cltv_ton,,double,8065,39747,83.1319,11,1569.7265625,5230.67919922,0,100102.5
prodAgr_Cyuca_ACosch_OCer_ha,,double,19145,28667,59.9578,21,1085.69799805,2973.85522461,0,75001.875
prodAgr_Cyuca_ACosch_OFrt_ha,,double,18415,29397,61.4846,118,767.767028809,1669.78222656,0,33972
prodAgr_Cyuca_ACosch_OHor_ha,,double,13534,34278,71.6933,29,136.574645996,307.589874268,0,5190
prodAgr_Cyuca_ACosch_OLeg_ha,,double,14520,33292,69.6311,38,192.163909912,457.164276123,0,10705
prodAgr_Cyuca_ACosch_OMed_ha,,double,1884,45928,96.0596,100,25.741350174,57.9121627808,0,622
prodAgr_Cyuca_ACosch_OOle_ha,,double,3416,44396,92.8553,209,2718.07714844,6624.10595703,0,90490
prodAgr_Cyuca_ACosch_OPer_ha,,double,18890,28922,60.4911,84,2477.95141602,4161.71826172,0,64700.25
prodAgr_Cyuca_ACosch_ORai_ha,,double,9657,38155,79.8021,44,412.935699463,1088.72680664,0,20220
prodAgr_Cyuca_ACosch_OTrn_ha,,double,20477,27335,57.1718,9,1512.78100586,3724.72924805,0,128501.875
prodAgr_Cyuca_ACosch_OTrp_ha,,double,15629,32183,67.3116,126,1593.30810547,2571.49438477,0,34520.1796875
prodAgr_Cyuca_ACosch_cltv_ha,,double,13996,33816,70.7270,71,245.848632813,523.364685059,0,8330
prodAgr_Cyuca_ASembr_OCer_ha,,double,19145,28667,59.9578,3,1156.4666748,3057.99047852,0,75001.875
prodAgr_Cyuca_ASembr_OFrt_ha,,double,18415,29397,61.4846,0,876.862182617,1824.71984863,.25,36989
prodAgr_Cyuca_ASembr_OHor_ha,,double,13534,34278,71.6933,2,147.865371704,325.240325928,0,5190
prodAgr_Cyuca_ASembr_OLeg_ha,,double,14520,33292,69.6311,1,207.739715576,486.557769775,0,11705
prodAgr_Cyuca_ASembr_OMed_ha,,double,1884,45928,96.0596,0,30.14412117,63.9853172302,.00474999984726,640
prodAgr_Cyuca_ASembr_OOle_ha,,double,3416,44396,92.8553,2,3232.2043457,7315.78857422,0,90490
prodAgr_Cyuca_ASembr_OPer_ha,,double,18890,28922,60.4911,0,2920.5144043,4777.67871094,.25,67965.6171875
prodAgr_Cyuca_ASembr_ORai_ha,,double,9657,38155,79.8021,11,442.597839355,1138.53405762,0,21220
prodAgr_Cyuca_ASembr_OTrn_ha,,double,20477,27335,57.1718,1,1612.45959473,3805.71289063,0,128501.875
prodAgr_Cyuca_ASembr_OTrp_ha,,double,15629,32183,67.3116,0,1888.1003418,2969.67651367,.209999993443,38456.96875
prodAgr_Cyuca_ASembr_cltv_ha,,double,13996,33816,70.7270,11,280.487823486,579.277282715,0,9000
prodAgr_Cyuca_Produc_OCer_ton,,double,19145,28667,59.9578,21,4328.50488281,15984.6708984,0,431239.25
prodAgr_Cyuca_Produc_OFrt_ton,,double,18415,29397,61.4846,118,9756.76757813,34480.5351563,0,616894
prodAgr_Cyuca_Produc_OHor_ton,,double,13534,34278,71.6933,29,3101.84130859,9169.6328125,0,167960
prodAgr_Cyuca_Produc_OLeg_ton,,double,14520,33292,69.6311,38,342.365631104,965.667297363,0,26519.2207031
prodAgr_Cyuca_Produc_OMed_ton,,double,1884,45928,96.0596,100,161.094436646,400.890838623,0,5051
prodAgr_Cyuca_Produc_OOle_ton,,double,3416,44396,92.8553,209,8831.16015625,22194.2929688,0,274153.84375
prodAgr_Cyuca_Produc_OPer_ton,,double,18890,28922,60.4911,84,41213.9414063,196893.3125,0,4795561
prodAgr_Cyuca_Produc_ORai_ton,,double,9657,38155,79.8021,44,7494.85839844,23342.1171875,0,476953
prodAgr_Cyuca_Produc_OTrn_ton,,double,20477,27335,57.1718,9,10035.7900391,25406.5195313,0,596845.0625
prodAgr_Cyuca_Produc_OTrp_ton,,double,15629,32183,67.3116,126,36579.0546875,212616.984375,0,4787313.5
prodAgr_Cyuca_Produc_cltv_ton,,double,13996,33816,70.7270,71,2733.49511719,6661.69628906,0,156260
prodAgr_GCCerl_ACosch_grpo_ha,,double,19145,28667,59.9578,21,1085.69799805,2973.85522461,0,75001.875
prodAgr_GCCerl_ASembr_grpo_ha,,double,19145,28667,59.9578,3,1156.4666748,3057.99047852,0,75001.875
prodAgr_GCCerl_Produc_grpo_ton,,double,19145,28667,59.9578,21,4328.50488281,15984.6708984,0,431239.25
prodAgr_GCFrut_ACosch_grpo_ha,,double,18415,29397,61.4846,118,767.767028809,1669.78222656,0,33972
prodAgr_GCFrut_ASembr_grpo_ha,,double,18415,29397,61.4846,0,876.862182617,1824.71984863,.25,36989
prodAgr_GCFrut_Produc_grpo_ton,,double,18415,29397,61.4846,118,9756.76757813,34480.5351563,0,616894
prodAgr_GCHort_ACosch_grpo_ha,,double,13534,34278,71.6933,29,136.574645996,307.589874268,0,5190
prodAgr_GCHort_ASembr_grpo_ha,,double,13534,34278,71.6933,2,147.865371704,325.240325928,0,5190
prodAgr_GCHort_Produc_grpo_ton,,double,13534,34278,71.6933,29,3101.84130859,9169.6328125,0,167960
prodAgr_GCLegu_ACosch_grpo_ha,,double,14520,33292,69.6311,38,192.163909912,457.164276123,0,10705
prodAgr_GCLegu_ASembr_grpo_ha,,double,14520,33292,69.6311,1,207.739715576,486.557769775,0,11705
prodAgr_GCLegu_Produc_grpo_ton,,double,14520,33292,69.6311,38,342.365631104,965.667297363,0,26519.2207031
prodAgr_GCMedc_ACosch_grpo_ha,,double,1884,45928,96.0596,100,25.741350174,57.9121627808,0,622
prodAgr_GCMedc_ASembr_grpo_ha,,double,1884,45928,96.0596,0,30.14412117,63.9853172302,.00474999984726,640
prodAgr_GCMedc_Produc_grpo_ton,,double,1884,45928,96.0596,100,161.094436646,400.890838623,0,5051
prodAgr_GCOlea_ACosch_grpo_ha,,double,3416,44396,92.8553,209,2718.07714844,6624.10595703,0,90490
prodAgr_GCOlea_ASembr_grpo_ha,,double,3416,44396,92.8553,2,3232.2043457,7315.78857422,0,90490
prodAgr_GCOlea_Produc_grpo_ton,,double,3416,44396,92.8553,209,8831.16015625,22194.2929688,0,274153.84375
prodAgr_GCRaiz_ACosch_grpo_ha,,double,17856,29956,62.6537,66,416.029205322,985.024230957,0,20220
prodAgr_GCRaiz_ASembr_grpo_ha,,double,17856,29956,62.6537,11,459.222381592,1049.46594238,0,21220
prodAgr_GCRaiz_Produc_grpo_ton,,double,17856,29956,62.6537,66,6196.00390625,18641.8691406,0,476953
prodAgr_GCTrop_ACosch_grpo_ha,,double,15629,32183,67.3116,126,1593.30810547,2571.49438477,0,34520.1796875
prodAgr_GCTrop_ASembr_grpo_ha,,double,15629,32183,67.3116,0,1888.1003418,2969.67651367,.209999993443,38456.96875
prodAgr_GCTrop_Produc_grpo_ton,,double,15629,32183,67.3116,126,36579.0546875,212616.984375,0,4787313.5
prodAgr_total_ACosch_totl_ha,,double,20793,27019,56.5109,6,3906.44042969,6081.81884766,0,153986.796875
prodAgr_total_ASembr_totl_ha,,double,20793,27019,56.5109,0,4429.97949219,6627.04931641,.0299999993294,162076.84375
prodAgr_total_Produc_totl_ton,,double,20793,27019,56.5109,6,49165.2109375,190064.140625,0,4803860
tituMine_carbon_AreaSo_tGrn_m2Fx,,double,36575,11237,23.5025,36557,20575.5058594,1352018.875,0,162470864
tituMine_carbon_AreaSo_tGrn_m2Sk,,double,36575,11237,23.5025,36351,594538.0625,9141704,0,225518496
tituMine_carbon_AreaSo_tOtr_m2Fx,,double,36575,11237,23.5025,36142,41743.0273438,1361614.875,0,139892736
tituMine_carbon_AreaSo_tOtr_m2Sk,,double,36575,11237,23.5025,33530,1003648,8457961,0,204037040
tituMine_carbon_AreaTi_tGrn_m2Fx,,double,36575,11237,23.5025,36558,20575.5058594,1407641,0,151258496
tituMine_carbon_AreaTi_tGrn_m2Sk,,double,36575,11237,23.5025,36352,553729.0625,8753475,0,225518496
tituMine_carbon_AreaTi_tOtr_m2Fx,,double,36575,11237,23.5025,36096,38740.1875,1360883.375,-5757138,140408320
tituMine_carbon_AreaTi_tOtr_m2Sk,,double,36575,11237,23.5025,33963,912336.0625,8236345.5,0,195728752
tituMine_cobre_AreaSo_tGrn_m2Fx,,double,36575,11237,23.5025,36575,0,0,0,0
tituMine_cobre_AreaSo_tGrn_m2Sk,,double,36575,11237,23.5025,36575,0,0,0,0
tituMine_cobre_AreaSo_tOtr_m2Fx,,double,36575,11237,23.5025,36571,1571.109375,192148.09375,0,30789322
tituMine_cobre_AreaSo_tOtr_m2Sk,,double,36575,11237,23.5025,36512,23106.3886719,763901.875,0,34737352
tituMine_cobre_AreaTi_tGrn_m2Fx,,double,36575,11237,23.5025,36575,0,0,0,0
tituMine_cobre_AreaTi_tGrn_m2Sk,,double,36575,11237,23.5025,36575,0,0,0,0
tituMine_cobre_AreaTi_tOtr_m2Fx,,double,36575,11237,23.5025,36571,1571.109375,192148.09375,0,30789322
tituMine_cobre_AreaTi_tOtr_m2Sk,,double,36575,11237,23.5025,36515,20254.9316406,705383.625,0,34737352
tituMine_fertlz_AreaSo_tGrn_m2Fx,,double,36575,11237,23.5025,36575,0,0,0,0
tituMine_fertlz_AreaSo_tGrn_m2Sk,,double,36575,11237,23.5025,36575,0,0,0,0
tituMine_fertlz_AreaSo_tOtr_m2Fx,,double,36575,11237,23.5025,36559,1521.22497559,120911.429688,0,16022263
tituMine_fertlz_AreaSo_tOtr_m2Sk,,double,36575,11237,23.5025,36352,42289.4960938,730237.0625,0,20652220
tituMine_fertlz_AreaTi_tGrn_m2Fx,,double,36575,11237,23.5025,36575,0,0,0,0
tituMine_fertlz_AreaTi_tGrn_m2Sk,,double,36575,11237,23.5025,36575,0,0,0,0
tituMine_fertlz_AreaTi_tOtr_m2Fx,,double,36575,11237,23.5025,36559,1505.30236816,120959.703125,-582369.1875,16022263
tituMine_fertlz_AreaTi_tOtr_m2Sk,,double,36575,11237,23.5025,36356,41869.4453125,728819.3125,0,20652220
tituMine_gemas_AreaSo_tGrn_m2Fx,,double,36575,11237,23.5025,36574,13.5338125229,2588.28637695,0,494999.1875
tituMine_gemas_AreaSo_tGrn_m2Sk,,double,36575,11237,23.5025,36548,365.41293335,13444.3496094,0,494999.1875
tituMine_gemas_AreaSo_tOtr_m2Fx,,double,36575,11237,23.5025,36510,2758.18505859,108802.5,0,10818739
tituMine_gemas_AreaSo_tOtr_m2Sk,,double,36575,11237,23.5025,36172,53354.6015625,875163.1875,0,30104626
tituMine_gemas_AreaTi_tGrn_m2Fx,,double,36575,11237,23.5025,36574,13.5338125229,2588.28637695,0,494999.1875
tituMine_gemas_AreaTi_tGrn_m2Sk,,double,36575,11237,23.5025,36548,365.41293335,13444.3496094,0,494999.1875
tituMine_gemas_AreaTi_tOtr_m2Fx,,double,36575,11237,23.5025,36508,2758.18505859,110549.328125,0,10818739
tituMine_gemas_AreaTi_tOtr_m2Sk,,double,36575,11237,23.5025,36248,44156.4804688,744645.8125,0,30104626
tituMine_mConst_AreaSo_tGrn_m2Fx,,double,36575,11237,23.5025,36553,1330.58618164,69781.5546875,0,5400026.5
tituMine_mConst_AreaSo_tGrn_m2Sk,,double,36575,11237,23.5025,36160,28744.1601563,330276.25,0,5574039
tituMine_mConst_AreaSo_tOtr_m2Fx,,double,36575,11237,23.5025,35129,54756.140625,1053327,0,117860784
tituMine_mConst_AreaSo_tOtr_m2Sk,,double,36575,11237,23.5025,25214,1075806.5,4897567,0,117861080
tituMine_mConst_AreaTi_tGrn_m2Fx,,double,36575,11237,23.5025,36554,1330.58618164,69872.7421875,0,5443152
tituMine_mConst_AreaTi_tGrn_m2Sk,,double,36575,11237,23.5025,36161,28983.7519531,334798.125,0,5574039
tituMine_mConst_AreaTi_tOtr_m2Fx,,double,36575,11237,23.5025,35021,53097.203125,1021419.9375,-12171243,117860784
tituMine_mConst_AreaTi_tOtr_m2Sk,,double,36575,11237,23.5025,26255,974721.125,4558180,0,117861080
tituMine_mIndus_AreaSo_tGrn_m2Fx,,double,36575,11237,23.5025,36572,1404.60644531,216276.609375,0,40149024
tituMine_mIndus_AreaSo_tGrn_m2Sk,,double,36575,11237,23.5025,36476,46352.0117188,1241575.75,0,40149024
tituMine_mIndus_AreaSo_tOtr_m2Fx,,double,36575,11237,23.5025,36331,7808.22607422,203440.5,0,23018046
tituMine_mIndus_AreaSo_tOtr_m2Sk,,double,36575,11237,23.5025,33581,180657.53125,1104373.5,0,23018046
tituMine_mIndus_AreaTi_tGrn_m2Fx,,double,36575,11237,23.5025,36572,1404.60644531,216276.609375,0,40149024
tituMine_mIndus_AreaTi_tGrn_m2Sk,,double,36575,11237,23.5025,36476,46352.0117188,1241575.75,0,40149024
tituMine_mIndus_AreaTi_tOtr_m2Fx,,double,36575,11237,23.5025,36286,7085.14599609,210709.40625,-8531201,23018046
tituMine_mIndus_AreaTi_tOtr_m2Sk,,double,36575,11237,23.5025,33809,157548.140625,964647,0,23018046
tituMine_metBas_AreaSo_tGrn_m2Fx,,double,36575,11237,23.5025,36574,257.169067383,49182.5351563,0,9405959
tituMine_metBas_AreaSo_tGrn_m2Sk,,double,36575,11237,23.5025,36546,7457.90332031,264754.65625,0,9405959
tituMine_metBas_AreaSo_tOtr_m2Fx,,double,36575,11237,23.5025,36548,3842.17700195,253549.59375,0,36735228
tituMine_metBas_AreaSo_tOtr_m2Sk,,double,36575,11237,23.5025,35906,105607.257813,1392583.375,0,36735228
tituMine_metBas_AreaTi_tGrn_m2Fx,,double,36575,11237,23.5025,36574,257.169067383,49182.5351563,0,9405959
tituMine_metBas_AreaTi_tGrn_m2Sk,,double,36575,11237,23.5025,36546,7457.90332031,264754.65625,0,9405959
tituMine_metBas_AreaTi_tOtr_m2Fx,,double,36575,11237,23.5025,36548,3842.17700195,253549.59375,0,36735228
tituMine_metBas_AreaTi_tOtr_m2Sk,,double,36575,11237,23.5025,35960,99520.3984375,1371111.375,0,36735228
tituMine_niquel_AreaSo_tGrn_m2Fx,,double,36575,11237,23.5025,36568,9711.88867188,1161891,0,205846592
tituMine_niquel_AreaSo_tGrn_m2Sk,,double,36575,11237,23.5025,36407,233085.3125,5687504.5,0,205846592
tituMine_niquel_AreaSo_tOtr_m2Fx,,double,36575,11237,23.5025,36573,209.135055542,36413.421875,0,6926327.5
tituMine_niquel_AreaSo_tOtr_m2Sk,,double,36575,11237,23.5025,36509,6901.45654297,209068.75,0,6926327.5
tituMine_niquel_AreaTi_tGrn_m2Fx,,double,36575,11237,23.5025,36568,9711.88867188,1161891,0,205846592
tituMine_niquel_AreaTi_tGrn_m2Sk,,double,36575,11237,23.5025,36407,233085.3125,5687504.5,0,205846592
tituMine_niquel_AreaTi_tOtr_m2Fx,,double,36575,11237,23.5025,36573,209.135055542,36413.421875,0,6926327.5
tituMine_niquel_AreaTi_tOtr_m2Sk,,double,36575,11237,23.5025,36509,6901.45654297,209068.75,0,6926327.5
tituMine_oro_AreaSo_tGrn_m2Fx,,double,36575,11237,23.5025,36563,5018.08300781,489797.84375,0,66468620
tituMine_oro_AreaSo_tGrn_m2Sk,,double,36575,11237,23.5025,36347,114567.703125,2409870,0,66468620
tituMine_oro_AreaSo_tOtr_m2Fx,,double,36575,11237,23.5025,36310,42231.3945313,1279399.5,0,135013696
tituMine_oro_AreaSo_tOtr_m2Sk,,double,36575,11237,23.5025,33838,958286.3125,7475065,0,155663184
tituMine_oro_AreaSo_total_m2Fx,,float,36575,11237,23.5025,36301,47249.4765625,1370666.5,0,135013696
tituMine_oro_AreaTi_tGrn_m2Fx,,double,36575,11237,23.5025,36563,5018.08300781,489797.84375,0,66468620
tituMine_oro_AreaTi_tGrn_m2Sk,,double,36575,11237,23.5025,36371,112529.882813,2408289.25,0,66468620
tituMine_oro_AreaTi_tOtr_m2Fx,,double,36575,11237,23.5025,36299,40961.828125,1275614.875,-3780762.5,135013696
tituMine_oro_AreaTi_tOtr_m2Sk,,double,36575,11237,23.5025,34115,889196,7374360,0,155663184
tituMine_oro_AreaTi_total_m2Fx,,float,36575,11237,23.5025,36288,45979.9101563,1366511.25,-3780762.5,135013696
tituMine_otros_AreaSo_tGrn_m2Fx,,double,36575,11237,23.5025,36574,48.8167724609,9336.0078125,0,1785473.375
tituMine_otros_AreaSo_tGrn_m2Sk,,double,36575,11237,23.5025,36558,829.885131836,38484.9257813,0,1785473.375
tituMine_otros_AreaSo_tOtr_m2Fx,,double,36575,11237,23.5025,36535,1236.5604248,56595.0625,0,4468180
tituMine_otros_AreaSo_tOtr_m2Sk,,double,36575,11237,23.5025,35918,28851.3671875,290464.75,0,6173255
tituMine_otros_AreaTi_tGrn_m2Fx,,double,36575,11237,23.5025,36574,48.8167724609,9336.0078125,0,1785473.375
tituMine_otros_AreaTi_tGrn_m2Sk,,double,36575,11237,23.5025,36559,781.068359375,37336.375,0,1785473.375
tituMine_otros_AreaTi_tOtr_m2Fx,,double,36575,11237,23.5025,36525,1147.48144531,57792.9765625,-935798.5,4468180
tituMine_otros_AreaTi_tOtr_m2Sk,,double,36575,11237,23.5025,35958,26505.6816406,278448.0625,0,6173255
